07/12/2022 09:00,Chesterfield,Anthony Smith,"Regular Flavoured latte - Hazelnut - 2.55, Large Latte - 2.45, Regular Latte - 2.15, Large Flavoured iced latte - Hazelnut - 3.25",10.4,CARD,5304247238611436
07/12/2022 09:02,Chesterfield,Bobbie Maxie,"Large Flavoured latte - Hazelnut - 2.85, Regular Latte - 2.15, Regular Flavoured iced latte - Hazelnut - 2.75, Regular Flavoured latte - Hazelnut - 2.55",10.3,CARD,1525794858556991
07/12/2022 09:04,Chesterfield,Douglas Backus,"Regular Flavoured latte - Hazelnut - 2.55, Regular Flavoured iced latte - Hazelnut - 2.75, Large Flat white - 2.45",7.75,CARD,7678645655913329
07/12/2022 09:06,Chesterfield,Karol Gilliam,"Regular Flavoured latte - Hazelnut - 2.55, Large Latte - 2.45, Regular Flavoured iced latte - Hazelnut - 2.75",7.75,CARD,6051426309814171
07/12/2022 09:08,Chesterfield,Catherine Simmons,"Large Flavoured latte - Hazelnut - 2.85, Regular Flat white - 2.15, Regular Flavoured latte - Hazelnut - 2.55",7.55,CASH,
07/12/2022 09:10,Chesterfield,Millie Ullman,"Large Flavoured latte - Hazelnut - 2.85, Large Flat white - 2.45, Large Flavoured iced latte - Caramel - 3.25, Regular Latte - 2.15",10.7,CARD,6203680663560809
07/12/2022 09:12,Chesterfield,Jose Mccrary,"Regular Latte - 2.15, Regular Flat white - 2.15",4.3,CASH,
07/12/2022 09:14,Chesterfield,Candice Oneill,"Large Flavoured iced latte - Caramel - 3.25, Regular Flat white - 2.15, Regular Flavoured iced latte - Caramel - 2.75",8.15,CASH,
07/12/2022 09:17,Chesterfield,Virginia Booze,"Regular Flavoured latte - Hazelnut - 2.55, Large Flavoured iced latte - Caramel - 3.25",5.8,CARD,5792179627278706
07/12/2022 09:19,Chesterfield,Susie Somerville,"Regular Flavoured iced latte - Caramel - 2.75, Regular Flavoured latte - Hazelnut - 2.55, Regular Flavoured latte - Hazelnut - 2.55",7.85,CARD,7116581137084158
07/12/2022 09:21,Chesterfield,Carroll Chamberlain,Large Flavoured iced latte - Vanilla - 3.25,3.25,CARD,6701609665161727
07/12/2022 09:23,Chesterfield,Natasha Whitehead,"Regular Flavoured latte - Hazelnut - 2.55, Regular Flat white - 2.15, Large Flavoured iced latte - Caramel - 3.25",7.95,CASH,
07/12/2022 09:25,Chesterfield,Jeannie Vaccaro,Large Flavoured iced latte - Hazelnut - 3.25,3.25,CARD,7508397339937591
07/12/2022 09:27,Chesterfield,Charlie Scott,Regular Latte - 2.15,2.15,CARD,3124948540152500
07/12/2022 09:29,Chesterfield,Dorothy Mathews,"Regular Flavoured iced latte - Hazelnut - 2.75, Regular Flat white - 2.15, Regular Flavoured iced latte - Hazelnut - 2.75, Regular Flavoured iced latte - Caramel - 2.75, Regular Flavoured iced latte - Vanilla - 2.75, Regular Flat white - 2.15",15.3,CASH,
07/12/2022 09:32,Chesterfield,Kyle Myers,"Large Flat white - 2.45, Regular Flavoured iced latte - Caramel - 2.75",5.2,CASH,
07/12/2022 09:34,Chesterfield,Dolores Harris,"Regular Flavoured iced latte - Hazelnut - 2.75, Regular Flavoured iced latte - Caramel - 2.75",5.5,CARD,3199654901582199
07/12/2022 09:36,Chesterfield,Allison James,"Large Flavoured iced latte - Caramel - 3.25, Regular Flavoured latte - Hazelnut - 2.55, Regular Flavoured latte - Hazelnut - 2.55, Regular Flat white - 2.15",10.5,CARD,3673225676424364
07/12/2022 09:38,Chesterfield,Guillermo Lopez,Large Flavoured latte - Hazelnut - 2.85,2.85,CARD,3930420125375098
07/12/2022 09:40,Chesterfield,Suzette Militello,"Regular Flavoured iced latte - Caramel - 2.75, Large Flavoured latte - Hazelnut - 2.85, Regular Flat white - 2.15, Large Flavoured iced latte - Caramel - 3.25, Regular Flavoured iced latte - Hazelnut - 2.75, Large Latte - 2.45",16.2,CARD,4607991882966719
07/12/2022 09:42,Chesterfield,Jarrett Woolcott,"Large Latte - 2.45, Regular Flavoured iced latte - Hazelnut - 2.75",5.2,CARD,8934748945524712
07/12/2022 09:44,Chesterfield,Carla Tara,"Regular Flat white - 2.15, Regular Flat white - 2.15",4.3,CARD,7715869205103094
07/12/2022 09:46,Chesterfield,Mayra Melin,"Regular Flavoured iced latte - Caramel - 2.75, Large Flat white - 2.45, Regular Latte - 2.15, Regular Flavoured iced latte - Hazelnut - 2.75",10.1,CARD,5643053224424104
07/12/2022 09:49,Chesterfield,Melba Williams,"Regular Flavoured iced latte - Vanilla - 2.75, Large Flavoured iced latte - Vanilla - 3.25",6.0,CARD,5183625726972041
07/12/2022 09:51,Chesterfield,Kevin Taylor,"Large Latte - 2.45, Regular Flavoured latte - Hazelnut - 2.55, Regular Flavoured iced latte - Caramel - 2.75, Regular Flavoured latte - Hazelnut - 2.55",10.3,CASH,
07/12/2022 09:53,Chesterfield,Melissa Duncan,"Large Flavoured iced latte - Caramel - 3.25, Large Flat white - 2.45, Large Flavoured iced latte - Hazelnut - 3.25, Regular Latte - 2.15",11.1,CARD,5466795467353198
07/12/2022 09:55,Chesterfield,Cynthia Viloria,"Large Flavoured iced latte - Hazelnut - 3.25, Regular Latte - 2.15, Large Flavoured iced latte - Vanilla - 3.25, Regular Flavoured latte - Hazelnut - 2.55",11.2,CARD,4668681854308649
07/12/2022 09:57,Chesterfield,Edward Leandry,"Regular Flat white - 2.15, Large Flavoured latte - Hazelnut - 2.85, Large Flat white - 2.45, Regular Flavoured latte - Hazelnut - 2.55",10.0,CARD,3578092370195825
07/12/2022 09:59,Chesterfield,Tyler Fleeman,"Large Latte - 2.45, Large Latte - 2.45, Regular Flat white - 2.15, Regular Latte - 2.15",9.2,CARD,4348249899098331
07/12/2022 10:01,Chesterfield,Rodolfo Mceuen,"Regular Flavoured latte - Hazelnut - 2.55, Large Flavoured latte - Hazelnut - 2.85, Large Flavoured iced latte - Vanilla - 3.25",8.65,CASH,
07/12/2022 10:02,Chesterfield,Donna Barron,"Regular Flat white - 2.15, Regular Flavoured iced latte - Caramel - 2.75, Regular Flavoured iced latte - Hazelnut - 2.75",7.65,CARD,7462683625126964
07/12/2022 10:03,Chesterfield,Emma Holifield,"Regular Latte - 2.15, Regular Flavoured latte - Hazelnut - 2.55, Large Flavoured iced latte - Vanilla - 3.25",7.95,CASH,
07/12/2022 10:04,Chesterfield,Martha Phelps,"Regular Flavoured iced latte - Vanilla - 2.75, Regular Latte - 2.15",4.9,CASH,
07/12/2022 10:05,Chesterfield,Cathy Wolf,"Regular Flavoured iced latte - Vanilla - 2.75, Large Flavoured iced latte - Vanilla - 3.25, Regular Flavoured iced latte - Caramel - 2.75, Regular Latte - 2.15",10.9,CASH,
07/12/2022 10:06,Chesterfield,Richard Aaberg,"Regular Flavoured iced latte - Vanilla - 2.75, Large Flavoured latte - Hazelnut - 2.85, Large Latte - 2.45, Large Flavoured iced latte - Vanilla - 3.25",11.3,CARD,2199366040459939
07/12/2022 10:07,Chesterfield,Imogene Bourgeois,"Large Flavoured latte - Hazelnut - 2.85, Regular Latte - 2.15, Large Flat white - 2.45, Large Flavoured iced latte - Caramel - 3.25",10.7,CARD,4642513418320780
07/12/2022 10:08,Chesterfield,Jessica Apodaca,"Regular Flavoured iced latte - Hazelnut - 2.75, Large Flavoured iced latte - Vanilla - 3.25, Large Latte - 2.45, Regular Latte - 2.15",10.6,CARD,9638852086239872
07/12/2022 10:09,Chesterfield,Larry Welch,"Large Flavoured latte - Hazelnut - 2.85, Large Latte - 2.45, Regular Flat white - 2.15, Large Flavoured iced latte - Caramel - 3.25, Regular Flat white - 2.15",12.85,CASH,
07/12/2022 10:10,Chesterfield,Bobbie Bailey,Regular Flat white - 2.15,2.15,CARD,7326868616237864
07/12/2022 10:11,Chesterfield,Patrick Wedlow,"Large Flavoured iced latte - Caramel - 3.25, Large Flavoured latte - Hazelnut - 2.85, Regular Flavoured iced latte - Vanilla - 2.75",8.85,CARD,5157045145085474
07/12/2022 10:12,Chesterfield,Carol Bono,"Regular Flat white - 2.15, Regular Flavoured latte - Hazelnut - 2.55, Regular Flat white - 2.15",6.85,CASH,
07/12/2022 10:13,Chesterfield,Larry Jarrett,"Regular Flavoured iced latte - Hazelnut - 2.75, Large Flavoured iced latte - Hazelnut - 3.25, Regular Flavoured iced latte - Hazelnut - 2.75, Large Flat white - 2.45, Regular Flavoured iced latte - Vanilla - 2.75",13.95,CARD,6855362413667916
07/12/2022 10:14,Chesterfield,Gerald Kinsler,"Large Flavoured iced latte - Hazelnut - 3.25, Regular Flavoured latte - Hazelnut - 2.55, Regular Flavoured iced latte - Hazelnut - 2.75, Regular Flavoured iced latte - Hazelnut - 2.75",11.3,CARD,5088606797987204
07/12/2022 10:15,Chesterfield,Patricia Rogers,"Large Flavoured iced latte - Vanilla - 3.25, Large Flavoured iced latte - Vanilla - 3.25, Large Flavoured iced latte - Hazelnut - 3.25, Large Flat white - 2.45, Large Flat white - 2.45",14.65,CARD,7093245063491510
07/12/2022 10:16,Chesterfield,Frank Douglas,Large Flavoured iced latte - Vanilla - 3.25,3.25,CARD,5881958695508907
07/12/2022 10:17,Chesterfield,Janet Camacho,Large Latte - 2.45,2.45,CASH,
07/12/2022 10:18,Chesterfield,Maureen Franco,"Large Flavoured latte - Hazelnut - 2.85, Large Flavoured iced latte - Vanilla - 3.25",6.1,CASH,
07/12/2022 10:19,Chesterfield,Theresa Horton,"Regular Flavoured latte - Hazelnut - 2.55, Large Flavoured iced latte - Hazelnut - 3.25, Regular Latte - 2.15",7.95,CARD,8676678616337114
07/12/2022 10:20,Chesterfield,Elizabeth Proffitt,"Regular Flavoured iced latte - Vanilla - 2.75, Large Flat white - 2.45",5.2,CARD,1776360694433278
07/12/2022 10:21,Chesterfield,Barbara Owens,"Large Flavoured iced latte - Hazelnut - 3.25, Large Latte - 2.45, Regular Flavoured iced latte - Hazelnut - 2.75",8.45,CARD,4532620890457936
07/12/2022 10:22,Chesterfield,Christine Waldron,"Large Flavoured iced latte - Hazelnut - 3.25, Large Flavoured iced latte - Hazelnut - 3.25",6.5,CARD,3138068093092815
07/12/2022 10:23,Chesterfield,Angel Rehlander,"Large Flat white - 2.45, Large Latte - 2.45, Large Flavoured iced latte - Vanilla - 3.25, Regular Flavoured iced latte - Hazelnut - 2.75",10.9,CARD,1861462684661637
07/12/2022 10:24,Chesterfield,Brenda Maynes,"Regular Flavoured iced latte - Caramel - 2.75, Large Flavoured iced latte - Caramel - 3.25, Regular Flat white - 2.15, Regular Flavoured iced latte - Hazelnut - 2.75",10.9,CASH,
07/12/2022 10:25,Chesterfield,Joe Brown,"Large Flavoured iced latte - Vanilla - 3.25, Regular Latte - 2.15, Large Flavoured iced latte - Hazelnut - 3.25",8.65,CARD,6492260262304262
07/12/2022 10:26,Chesterfield,Thomas Poole,"Regular Latte - 2.15, Regular Flavoured iced latte - Hazelnut - 2.75, Large Flavoured latte - Hazelnut - 2.85",7.75,CARD,2514822901764748
07/12/2022 10:27,Chesterfield,Elroy Morris,"Large Flavoured iced latte - Vanilla - 3.25, Regular Flavoured iced latte - Hazelnut - 2.75, Large Latte - 2.45",8.45,CARD,2166576928925788
07/12/2022 10:27,Chesterfield,Matthew Lackey,"Large Flavoured iced latte - Caramel - 3.25, Regular Flavoured latte - Hazelnut - 2.55",5.8,CASH,
07/12/2022 10:28,Chesterfield,Beth Kautz,"Regular Flavoured iced latte - Caramel - 2.75, Regular Flavoured iced latte - Vanilla - 2.75, Large Flavoured iced latte - Hazelnut - 3.25, Large Flavoured iced latte - Caramel - 3.25",12.0,CARD,4998478810436236
07/12/2022 10:29,Chesterfield,Richard Sechrist,"Regular Flavoured latte - Hazelnut - 2.55, Large Flat white - 2.45, Regular Latte - 2.15",7.15,CASH,
07/12/2022 10:30,Chesterfield,Olga Tangri,Regular Flavoured iced latte - Hazelnut - 2.75,2.75,CARD,3910680532117225
07/12/2022 10:31,Chesterfield,Rosemarie Mejia,"Large Flavoured iced latte - Caramel - 3.25, Large Flavoured iced latte - Hazelnut - 3.25, Large Flat white - 2.45, Large Flavoured iced latte - Caramel - 3.25, Regular Flavoured iced latte - Hazelnut - 2.75",14.95,CARD,8458397649921346
07/12/2022 10:32,Chesterfield,Oliver Golden,Large Flavoured iced latte - Caramel - 3.25,3.25,CASH,
07/12/2022 10:33,Chesterfield,Scott Ables,Regular Latte - 2.15,2.15,CASH,
07/12/2022 10:34,Chesterfield,Shaun Irvine,Large Latte - 2.45,2.45,CARD,4952104982578066
07/12/2022 10:35,Chesterfield,Robert Carrizales,"Regular Flavoured iced latte - Caramel - 2.75, Regular Flavoured iced latte - Caramel - 2.75, Regular Flavoured latte - Hazelnut - 2.55",8.05,CASH,
07/12/2022 10:36,Chesterfield,Betty Long,"Large Flavoured iced latte - Caramel - 3.25, Regular Flat white - 2.15, Large Flat white - 2.45, Large Flavoured iced latte - Vanilla - 3.25",11.1,CARD,5692154719194390
07/12/2022 10:37,Chesterfield,Janice Carter,"Regular Flavoured iced latte - Hazelnut - 2.75, Regular Flavoured iced latte - Vanilla - 2.75, Regular Flat white - 2.15",7.65,CARD,3220766188730124
07/12/2022 10:38,Chesterfield,Carol Lockwood,"Large Latte - 2.45, Regular Flat white - 2.15",4.6,CASH,
07/12/2022 10:39,Chesterfield,Curtis Lane,"Regular Flavoured latte - Hazelnut - 2.55, Large Flavoured iced latte - Caramel - 3.25, Regular Latte - 2.15, Regular Latte - 2.15, Large Flavoured iced latte - Hazelnut - 3.25, Regular Flavoured latte - Hazelnut - 2.55",15.9,CASH,
07/12/2022 10:40,Chesterfield,Alex Cross,"Regular Flavoured iced latte - Hazelnut - 2.75, Large Latte - 2.45, Regular Flat white - 2.15, Large Flat white - 2.45, Regular Flavoured iced latte - Hazelnut - 2.75",12.55,CARD,3025072295084944
07/12/2022 10:41,Chesterfield,Troy Carlson,"Large Flavoured iced latte - Caramel - 3.25, Regular Flavoured iced latte - Caramel - 2.75, Large Flavoured iced latte - Vanilla - 3.25",9.25,CARD,3634106823645143
07/12/2022 10:42,Chesterfield,Marina Holst,"Large Flavoured iced latte - Hazelnut - 3.25, Large Flavoured latte - Hazelnut - 2.85",6.1,CASH,
07/12/2022 10:43,Chesterfield,Nicholas Cowen,"Large Flavoured iced latte - Vanilla - 3.25, Regular Flavoured iced latte - Caramel - 2.75, Large Flavoured latte - Hazelnut - 2.85, Large Flavoured iced latte - Hazelnut - 3.25",12.1,CARD,7433240079033509
07/12/2022 10:44,Chesterfield,Bettie Allen,"Regular Flavoured latte - Hazelnut - 2.55, Regular Flavoured iced latte - Hazelnut - 2.75, Large Flavoured iced latte - Vanilla - 3.25",8.55,CARD,1101205982440797
07/12/2022 10:45,Chesterfield,Hilary Coleman,"Large Flavoured iced latte - Caramel - 3.25, Large Latte - 2.45",5.7,CARD,8286094578312140
07/12/2022 10:46,Chesterfield,Linda Schultz,Large Flavoured iced latte - Hazelnut - 3.25,3.25,CARD,4689023381272215
07/12/2022 10:47,Chesterfield,Whitney Nash,"Regular Flavoured iced latte - Caramel - 2.75, Large Latte - 2.45, Regular Flavoured latte - Hazelnut - 2.55, Regular Flavoured iced latte - Vanilla - 2.75",10.5,CARD,6878920991260003
07/12/2022 10:48,Chesterfield,Gloria Hudson,"Large Latte - 2.45, Large Flavoured iced latte - Caramel - 3.25, Large Flavoured iced latte - Caramel - 3.25, Regular Flavoured latte - Hazelnut - 2.55",11.5,CASH,
07/12/2022 10:49,Chesterfield,John Theall,Large Latte - 2.45,2.45,CARD,3553752294791459
07/12/2022 10:50,Chesterfield,Mark Parrino,"Regular Flavoured iced latte - Caramel - 2.75, Large Flavoured iced latte - Hazelnut - 3.25",6.0,CASH,
07/12/2022 10:51,Chesterfield,Donald Crawford,"Large Flavoured iced latte - Caramel - 3.25, Regular Flavoured iced latte - Caramel - 2.75",6.0,CARD,4646850865585382
07/12/2022 10:52,Chesterfield,Emory Jorgenson,"Regular Flavoured iced latte - Vanilla - 2.75, Regular Flavoured iced latte - Caramel - 2.75, Regular Flavoured iced latte - Hazelnut - 2.75, Regular Flavoured iced latte - Vanilla - 2.75, Large Flat white - 2.45",13.45,CARD,1923474034403786
07/12/2022 10:53,Chesterfield,Ignacio Tate,"Large Flavoured iced latte - Vanilla - 3.25, Large Flavoured iced latte - Hazelnut - 3.25, Large Flavoured iced latte - Hazelnut - 3.25",9.75,CARD,6937217085631774
07/12/2022 10:54,Chesterfield,Flora Wright,"Regular Flavoured iced latte - Hazelnut - 2.75, Large Flavoured latte - Hazelnut - 2.85",5.6,CASH,
07/12/2022 10:55,Chesterfield,Steve Rival,"Regular Flavoured iced latte - Vanilla - 2.75, Regular Flat white - 2.15",4.9,CARD,6523175047444935
07/12/2022 10:56,Chesterfield,Deloris Travelstead,"Large Flavoured iced latte - Vanilla - 3.25, Regular Flavoured iced latte - Vanilla - 2.75, Regular Latte - 2.15",8.15,CARD,6026375828375685
07/12/2022 10:56,Chesterfield,Stephen Catron,"Large Flavoured iced latte - Hazelnut - 3.25, Large Flavoured iced latte - Vanilla - 3.25, Regular Flavoured latte - Hazelnut - 2.55",9.05,CARD,4163108288869161
07/12/2022 10:57,Chesterfield,Jennifer Woods,"Large Latte - 2.45, Large Flavoured latte - Hazelnut - 2.85, Regular Flat white - 2.15",7.45,CARD,4554347486443949
07/12/2022 10:58,Chesterfield,Sadie Mullen,"Regular Flavoured iced latte - Caramel - 2.75, Large Flat white - 2.45, Large Latte - 2.45",7.65,CASH,
07/12/2022 10:59,Chesterfield,Leslie Sinotte,"Large Flavoured iced latte - Hazelnut - 3.25, Regular Flavoured iced latte - Caramel - 2.75",6.0,CARD,2659364705351831
07/12/2022 11:00,Chesterfield,Sunshine Schenck,"Large Flavoured iced latte - Hazelnut - 3.25, Regular Flat white - 2.15, Regular Flavoured iced latte - Vanilla - 2.75, Large Flavoured iced latte - Hazelnut - 3.25",11.4,CASH,
07/12/2022 11:03,Chesterfield,Edgar Cason,"Regular Flavoured iced latte - Caramel - 2.75, Regular Flavoured latte - Hazelnut - 2.55, Large Flavoured iced latte - Hazelnut - 3.25, Large Flat white - 2.45, Regular Flat white - 2.15, Large Flavoured iced latte - Hazelnut - 3.25",16.4,CARD,4400189173328682
07/12/2022 11:06,Chesterfield,Jose Edmunds,"Large Flavoured iced latte - Caramel - 3.25, Large Flavoured latte - Hazelnut - 2.85, Regular Flavoured latte - Hazelnut - 2.55, Large Flavoured iced latte - Hazelnut - 3.25, Large Latte - 2.45, Regular Flavoured iced latte - Vanilla - 2.75",17.1,CARD,1647328373782790
07/12/2022 11:08,Chesterfield,Javier Peoples,"Large Flavoured latte - Hazelnut - 2.85, Regular Latte - 2.15, Regular Flat white - 2.15, Large Latte - 2.45",9.6,CASH,
07/12/2022 11:11,Chesterfield,Keith Tapley,"Regular Flat white - 2.15, Large Flavoured iced latte - Vanilla - 3.25, Large Flat white - 2.45",7.85,CASH,
07/12/2022 11:13,Chesterfield,April Lyons,"Large Flavoured latte - Hazelnut - 2.85, Regular Flavoured latte - Hazelnut - 2.55, Regular Flat white - 2.15, Regular Flavoured latte - Hazelnut - 2.55",10.1,CARD,8912034195336836
07/12/2022 11:16,Chesterfield,Christine Courtney,"Large Flavoured latte - Hazelnut - 2.85, Large Flavoured iced latte - Vanilla - 3.25",6.1,CARD,6706974950978709
07/12/2022 11:19,Chesterfield,Lauren Walton,Large Flavoured iced latte - Caramel - 3.25,3.25,CASH,
07/12/2022 11:21,Chesterfield,Carolyn Simmons,"Large Flat white - 2.45, Large Flavoured iced latte - Hazelnut - 3.25, Large Latte - 2.45, Large Flavoured iced latte - Vanilla - 3.25, Regular Flavoured iced latte - Caramel - 2.75, Large Flat white - 2.45",16.6,CARD,6711996319511946
07/12/2022 11:24,Chesterfield,Lawanda Lester,"Large Flavoured iced latte - Hazelnut - 3.25, Large Flavoured latte - Hazelnut - 2.85",6.1,CARD,9188305560998837
07/12/2022 11:26,Chesterfield,Emmanuel Delbosque,"Regular Flat white - 2.15, Large Flavoured iced latte - Caramel - 3.25, Large Flavoured iced latte - Vanilla - 3.25, Large Flavoured iced latte - Caramel - 3.25, Regular Flavoured iced latte - Vanilla - 2.75, Regular Flavoured iced latte - Hazelnut - 2.75",17.4,CASH,
07/12/2022 11:29,Chesterfield,Sandra Wells,"Regular Flavoured latte - Hazelnut - 2.55, Regular Flavoured latte - Hazelnut - 2.55",5.1,CARD,2791511896235137
07/12/2022 11:32,Chesterfield,Robert Hutcherson,"Regular Latte - 2.15, Regular Latte - 2.15, Large Latte - 2.45",6.75,CASH,
07/12/2022 11:34,Chesterfield,Deborah Arceneaux,"Regular Flat white - 2.15, Regular Flat white - 2.15, Regular Flat white - 2.15",6.45,CARD,3622690131152310
07/12/2022 11:37,Chesterfield,Travis Graber,Regular Flat white - 2.15,2.15,CARD,3519583417794036
07/12/2022 11:39,Chesterfield,Jeff Adams,"Large Flavoured latte - Hazelnut - 2.85, Regular Flat white - 2.15",5.0,CARD,7205832753512652
07/12/2022 11:42,Chesterfield,Jacob Quarles,"Large Latte - 2.45, Regular Flavoured latte - Hazelnut - 2.55",5.0,CARD,4502759174845906
07/12/2022 11:45,Chesterfield,Barbara Saville,"Large Flavoured iced latte - Caramel - 3.25, Large Flat white - 2.45, Large Flavoured iced latte - Hazelnut - 3.25, Regular Flavoured iced latte - Vanilla - 2.75",11.7,CARD,6121320679551341
07/12/2022 11:47,Chesterfield,Henry Rauth,"Large Flavoured iced latte - Vanilla - 3.25, Regular Flavoured iced latte - Hazelnut - 2.75",6.0,CARD,1003103804031846
07/12/2022 11:50,Chesterfield,Richard Rozanski,"Large Flavoured iced latte - Hazelnut - 3.25, Regular Flavoured iced latte - Hazelnut - 2.75, Large Flavoured iced latte - Caramel - 3.25, Regular Flavoured iced latte - Hazelnut - 2.75",12.0,CARD,9340806949518586
07/12/2022 11:52,Chesterfield,Cindy Hagan,"Regular Latte - 2.15, Large Latte - 2.45",4.6,CASH,
07/12/2022 11:55,Chesterfield,Victor Ramirez,"Regular Latte - 2.15, Large Flavoured iced latte - Vanilla - 3.25, Large Flat white - 2.45, Regular Flat white - 2.15",10.0,CARD,7919427360026329
07/12/2022 11:58,Chesterfield,Robert Krueger,"Regular Latte - 2.15, Regular Flavoured iced latte - Caramel - 2.75, Regular Flat white - 2.15",7.05,CARD,3908812936865160
07/12/2022 12:00,Chesterfield,Ardath Dugan,"Large Flat white - 2.45, Regular Flavoured iced latte - Hazelnut - 2.75",5.2,CARD,9475961345763378
07/12/2022 12:05,Chesterfield,Alice Phillips,"Large Flavoured iced latte - Vanilla - 3.25, Regular Flat white - 2.15, Regular Flavoured iced latte - Caramel - 2.75, Regular Flavoured iced latte - Caramel - 2.75",10.9,CASH,
07/12/2022 12:09,Chesterfield,Charles Cornejo,Regular Flavoured latte - Hazelnut - 2.55,2.55,CARD,5144536874588188
07/12/2022 12:14,Chesterfield,Ann Stoica,"Regular Flavoured iced latte - Caramel - 2.75, Regular Flavoured iced latte - Hazelnut - 2.75, Regular Flavoured iced latte - Vanilla - 2.75, Regular Flat white - 2.15, Regular Flavoured iced latte - Hazelnut - 2.75",13.15,CASH,
07/12/2022 12:19,Chesterfield,Jason Soldner,"Large Flat white - 2.45, Large Flavoured latte - Hazelnut - 2.85, Large Flavoured iced latte - Vanilla - 3.25, Regular Latte - 2.15, Regular Flat white - 2.15",12.85,CASH,
07/12/2022 12:23,Chesterfield,Mary Patterson,"Large Flavoured latte - Hazelnut - 2.85, Large Flavoured latte - Hazelnut - 2.85, Large Flat white - 2.45, Large Flavoured iced latte - Caramel - 3.25",11.4,CARD,4190880597453131
07/12/2022 12:28,Chesterfield,Dewey Taylor,Large Latte - 2.45,2.45,CARD,5438443651473440
07/12/2022 12:32,Chesterfield,Vicenta Ford,Regular Flat white - 2.15,2.15,CASH,
07/12/2022 12:37,Chesterfield,Isabel Duarte,Regular Flavoured iced latte - Hazelnut - 2.75,2.75,CARD,4338867432694363
07/12/2022 12:42,Chesterfield,Fred Toth,"Regular Flavoured latte - Hazelnut - 2.55, Regular Flavoured iced latte - Caramel - 2.75, Large Flavoured iced latte - Hazelnut - 3.25",8.55,CARD,7443544517453967
07/12/2022 12:46,Chesterfield,Clarence Seabaugh,"Large Flavoured iced latte - Hazelnut - 3.25, Regular Flavoured iced latte - Hazelnut - 2.75, Regular Flavoured latte - Hazelnut - 2.55, Regular Flavoured iced latte - Caramel - 2.75",11.3,CARD,7478700065100774
07/12/2022 12:51,Chesterfield,Anne Fleischmann,"Regular Latte - 2.15, Regular Flavoured latte - Hazelnut - 2.55, Regular Flat white - 2.15, Regular Latte - 2.15",9.0,CASH,
07/12/2022 12:56,Chesterfield,Roberto Lai,"Large Flavoured iced latte - Hazelnut - 3.25, Large Flavoured iced latte - Vanilla - 3.25, Large Flavoured latte - Hazelnut - 2.85, Regular Flat white - 2.15",11.5,CARD,7063654996482495
07/12/2022 13:00,Chesterfield,James Wright,"Large Flavoured latte - Hazelnut - 2.85, Large Flavoured iced latte - Vanilla - 3.25, Large Flavoured iced latte - Vanilla - 3.25, Regular Flavoured iced latte - Vanilla - 2.75",12.1,CASH,
07/12/2022 13:02,Chesterfield,Michele Lombardi,"Large Flat white - 2.45, Regular Flavoured iced latte - Vanilla - 2.75, Large Flavoured iced latte - Caramel - 3.25",8.45,CASH,
07/12/2022 13:04,Chesterfield,Ryan Lemay,"Large Flavoured iced latte - Caramel - 3.25, Regular Latte - 2.15",5.4,CASH,
07/12/2022 13:06,Chesterfield,Lacy Johnston,"Large Flavoured latte - Hazelnut - 2.85, Regular Flavoured iced latte - Caramel - 2.75",5.6,CARD,5374390190590010
07/12/2022 13:08,Chesterfield,Kathleen Hawkins,Large Flavoured iced latte - Caramel - 3.25,3.25,CARD,8319217858972956
07/12/2022 13:10,Chesterfield,Carol Sisto,"Regular Flavoured latte - Hazelnut - 2.55, Large Flavoured iced latte - Caramel - 3.25",5.8,CARD,7810009529595860
07/12/2022 13:13,Chesterfield,Daryl Li,"Regular Flavoured latte - Hazelnut - 2.55, Large Flavoured iced latte - Caramel - 3.25, Large Flavoured iced latte - Vanilla - 3.25",9.05,CASH,
07/12/2022 13:15,Chesterfield,Raymond Khan,Regular Flavoured iced latte - Caramel - 2.75,2.75,CARD,9573431293317055
07/12/2022 13:17,Chesterfield,Ruby Williams,"Regular Flat white - 2.15, Large Flavoured iced latte - Hazelnut - 3.25, Large Flavoured iced latte - Hazelnut - 3.25",8.65,CARD,2612806031582983
07/12/2022 13:19,Chesterfield,Clarence Remick,"Large Flat white - 2.45, Regular Flavoured iced latte - Caramel - 2.75, Large Flavoured latte - Hazelnut - 2.85, Regular Flavoured iced latte - Vanilla - 2.75",10.8,CARD,2242188136960534
07/12/2022 13:21,Chesterfield,Susan Barrett,"Regular Flavoured iced latte - Caramel - 2.75, Regular Flavoured iced latte - Hazelnut - 2.75",5.5,CARD,6660440925155612
07/12/2022 13:23,Chesterfield,Conception Cordero,"Regular Flavoured iced latte - Hazelnut - 2.75, Regular Flavoured latte - Hazelnut - 2.55, Regular Flavoured latte - Hazelnut - 2.55, Large Flavoured latte - Hazelnut - 2.85",10.7,CARD,7925767580886660
07/12/2022 13:25,Chesterfield,James Proctor,"Regular Flavoured iced latte - Vanilla - 2.75, Regular Flavoured iced latte - Vanilla - 2.75",5.5,CARD,5133014867123177
07/12/2022 13:27,Chesterfield,Sandra Cooley,"Regular Flavoured iced latte - Caramel - 2.75, Large Flat white - 2.45, Regular Flat white - 2.15",7.35,CARD,9787098935123922
07/12/2022 13:29,Chesterfield,Cory Carter,"Large Flavoured latte - Hazelnut - 2.85, Large Flavoured latte - Hazelnut - 2.85, Large Latte - 2.45",8.15,CASH,
07/12/2022 13:31,Chesterfield,Jeffrey Edgehill,Regular Flavoured iced latte - Caramel - 2.75,2.75,CASH,
07/12/2022 13:33,Chesterfield,Judy Horne,"Large Flavoured iced latte - Hazelnut - 3.25, Large Flavoured iced latte - Vanilla - 3.25, Large Flavoured iced latte - Caramel - 3.25",9.75,CARD,9932330346172657
07/12/2022 13:35,Chesterfield,Kevin Weiland,"Large Latte - 2.45, Regular Latte - 2.15, Regular Flavoured latte - Hazelnut - 2.55, Regular Flavoured iced latte - Caramel - 2.75, Large Flavoured iced latte - Vanilla - 3.25",13.15,CASH,
07/12/2022 13:37,Chesterfield,Kenneth Thompson,"Regular Latte - 2.15, Regular Flavoured iced latte - Vanilla - 2.75, Regular Flat white - 2.15, Large Flavoured latte - Hazelnut - 2.85, Large Flat white - 2.45, Large Latte - 2.45",14.8,CARD,6375277536718960
07/12/2022 13:39,Chesterfield,Shirley Smith,Large Flavoured iced latte - Hazelnut - 3.25,3.25,CARD,3952448230378764
07/12/2022 13:41,Chesterfield,Connie Young,"Regular Flat white - 2.15, Large Flavoured iced latte - Hazelnut - 3.25, Regular Flavoured iced latte - Vanilla - 2.75",8.15,CARD,2297389191683290
07/12/2022 13:44,Chesterfield,Marvin Taggart,"Large Flavoured iced latte - Caramel - 3.25, Large Flavoured iced latte - Vanilla - 3.25",6.5,CARD,5236528561782963
07/12/2022 13:46,Chesterfield,Matthew Pumphrey,"Large Flat white - 2.45, Large Flavoured iced latte - Vanilla - 3.25",5.7,CARD,4821820914084107
07/12/2022 13:48,Chesterfield,Andrew Juarez,Regular Flavoured iced latte - Vanilla - 2.75,2.75,CARD,6793169534794903
07/12/2022 13:50,Chesterfield,Antoinette Durbin,"Large Flavoured iced latte - Vanilla - 3.25, Large Latte - 2.45, Large Flavoured iced latte - Hazelnut - 3.25, Large Flat white - 2.45, Large Flavoured iced latte - Caramel - 3.25",14.65,CARD,5221208407249141
07/12/2022 13:52,Chesterfield,Charles Scott,"Large Flavoured latte - Hazelnut - 2.85, Regular Flavoured latte - Hazelnut - 2.55, Regular Flavoured latte - Hazelnut - 2.55, Large Latte - 2.45",10.4,CASH,
07/12/2022 13:54,Chesterfield,Leo Meidinger,"Regular Flat white - 2.15, Large Flat white - 2.45",4.6,CARD,2446172300295978
07/12/2022 13:56,Chesterfield,Helen Stoltzfus,Regular Latte - 2.15,2.15,CARD,6079704935091875
07/12/2022 13:58,Chesterfield,Kenneth Reising,Regular Flavoured iced latte - Caramel - 2.75,2.75,CARD,9457562469983422
07/12/2022 14:00,Chesterfield,Betty Killough,Large Flavoured latte - Hazelnut - 2.85,2.85,CARD,1776803122620570
07/12/2022 14:01,Chesterfield,William Smock,"Regular Flavoured iced latte - Caramel - 2.75, Large Flavoured latte - Hazelnut - 2.85, Regular Flavoured iced latte - Hazelnut - 2.75",8.35,CARD,9994335193860491
07/12/2022 14:03,Chesterfield,John Parks,Large Latte - 2.45,2.45,CASH,
07/12/2022 14:04,Chesterfield,Henry Cassidy,"Regular Flavoured latte - Hazelnut - 2.55, Large Flavoured iced latte - Hazelnut - 3.25",5.8,CARD,5780005006582306
07/12/2022 14:05,Chesterfield,James Benton,"Large Flat white - 2.45, Regular Flavoured latte - Hazelnut - 2.55, Regular Flavoured iced latte - Hazelnut - 2.75, Large Flavoured iced latte - Caramel - 3.25",11.0,CARD,8850420449790946
07/12/2022 14:06,Chesterfield,Anglea Joyner,"Regular Flavoured iced latte - Caramel - 2.75, Large Flavoured latte - Hazelnut - 2.85, Large Flavoured iced latte - Hazelnut - 3.25, Regular Flat white - 2.15",11.0,CARD,2937278824850622
07/12/2022 14:08,Chesterfield,Derek Ricciardi,Large Flavoured iced latte - Caramel - 3.25,3.25,CASH,
07/12/2022 14:09,Chesterfield,Betty Stanley,"Regular Flavoured iced latte - Hazelnut - 2.75, Regular Flavoured latte - Hazelnut - 2.55, Regular Flavoured iced latte - Vanilla - 2.75",8.05,CARD,3303514406913739
07/12/2022 14:10,Chesterfield,Cassidy Morales,"Regular Flavoured latte - Hazelnut - 2.55, Large Flat white - 2.45, Regular Flavoured iced latte - Hazelnut - 2.75",7.75,CARD,2640943267558446
07/12/2022 14:11,Chesterfield,Kathleen Dyal,"Large Flavoured latte - Hazelnut - 2.85, Large Flavoured latte - Hazelnut - 2.85, Regular Flavoured iced latte - Hazelnut - 2.75, Large Flavoured latte - Hazelnut - 2.85, Regular Flat white - 2.15",13.45,CARD,9602711799134821
07/12/2022 14:13,Chesterfield,Opal Watson,Regular Flavoured iced latte - Hazelnut - 2.75,2.75,CASH,
07/12/2022 14:14,Chesterfield,Bryce Miller,"Large Flavoured iced latte - Hazelnut - 3.25, Large Flavoured iced latte - Vanilla - 3.25, Large Flavoured iced latte - Vanilla - 3.25",9.75,CASH,
07/12/2022 14:15,Chesterfield,Richard Lawson,"Regular Flavoured iced latte - Hazelnut - 2.75, Large Latte - 2.45, Large Flat white - 2.45, Regular Flavoured iced latte - Caramel - 2.75",10.4,CASH,
07/12/2022 14:17,Chesterfield,Jerry Trowbridge,Large Flavoured iced latte - Hazelnut - 3.25,3.25,CARD,4225918505483311
07/12/2022 14:18,Chesterfield,William Ruffner,"Regular Latte - 2.15, Large Latte - 2.45, Large Flavoured iced latte - Vanilla - 3.25, Regular Latte - 2.15, Regular Flavoured latte - Hazelnut - 2.55",12.55,CARD,3179940413458176
07/12/2022 14:19,Chesterfield,Sarah Tussey,"Regular Latte - 2.15, Large Flavoured iced latte - Hazelnut - 3.25, Large Latte - 2.45, Large Flavoured iced latte - Hazelnut - 3.25, Large Flavoured iced latte - Hazelnut - 3.25, Regular Flat white - 2.15",16.5,CARD,1331059171106253
07/12/2022 14:20,Chesterfield,Edward Menter,"Large Flat white - 2.45, Regular Flat white - 2.15",4.6,CASH,
07/12/2022 14:22,Chesterfield,Dustin Ford,Regular Flat white - 2.15,2.15,CARD,6799133428212668
07/12/2022 14:23,Chesterfield,John Ingram,Regular Flat white - 2.15,2.15,CASH,
07/12/2022 14:24,Chesterfield,Evan Griffin,"Regular Flavoured latte - Hazelnut - 2.55, Large Flavoured iced latte - Hazelnut - 3.25, Regular Flavoured iced latte - Vanilla - 2.75",8.55,CARD,4595085636886060
07/12/2022 14:25,Chesterfield,Victoria Kierzewski,"Large Flavoured iced latte - Caramel - 3.25, Regular Flavoured iced latte - Vanilla - 2.75, Large Flavoured latte - Hazelnut - 2.85",8.85,CARD,3254669578117010
07/12/2022 14:27,Chesterfield,Manuel Ayala,"Large Flat white - 2.45, Large Flavoured latte - Hazelnut - 2.85",5.3,CARD,1336700845878720
07/12/2022 14:28,Chesterfield,John Glander,"Large Latte - 2.45, Large Flavoured iced latte - Vanilla - 3.25, Large Flavoured iced latte - Vanilla - 3.25, Regular Flavoured iced latte - Vanilla - 2.75",11.7,CARD,1306546114651326
07/12/2022 14:29,Chesterfield,James Huseth,"Regular Flavoured iced latte - Caramel - 2.75, Large Latte - 2.45, Large Flavoured iced latte - Caramel - 3.25",8.45,CARD,7640830438197283
07/12/2022 14:30,Chesterfield,Kevin Boutin,"Regular Flavoured iced latte - Vanilla - 2.75, Large Flavoured iced latte - Hazelnut - 3.25, Regular Flavoured latte - Hazelnut - 2.55",8.55,CASH,
07/12/2022 14:32,Chesterfield,Floyd Rodriquez,"Regular Flavoured latte - Hazelnut - 2.55, Regular Flat white - 2.15",4.7,CARD,2137932658793010
07/12/2022 14:33,Chesterfield,Amy Mcintosh,"Regular Flavoured iced latte - Hazelnut - 2.75, Large Flavoured latte - Hazelnut - 2.85",5.6,CASH,
07/12/2022 14:34,Chesterfield,Theresa Oxley,"Regular Latte - 2.15, Large Flavoured iced latte - Caramel - 3.25, Large Flavoured iced latte - Hazelnut - 3.25",8.65,CARD,7152530148148205
07/12/2022 14:36,Chesterfield,Carl Young,"Large Flavoured iced latte - Hazelnut - 3.25, Large Flat white - 2.45",5.7,CASH,
07/12/2022 14:37,Chesterfield,Cindi Moreno,"Large Flavoured iced latte - Hazelnut - 3.25, Regular Flavoured iced latte - Hazelnut - 2.75, Large Flat white - 2.45, Large Latte - 2.45, Large Flavoured iced latte - Caramel - 3.25, Regular Flavoured latte - Hazelnut - 2.55",16.7,CASH,
07/12/2022 14:38,Chesterfield,Jonathan Murphy,"Large Flavoured iced latte - Caramel - 3.25, Large Flavoured iced latte - Caramel - 3.25",6.5,CARD,1043110218078833
07/12/2022 14:39,Chesterfield,Daniel Smith,"Large Latte - 2.45, Regular Flavoured iced latte - Caramel - 2.75",5.2,CARD,8019254038374171
07/12/2022 14:41,Chesterfield,Sylvia Charpia,"Regular Flat white - 2.15, Large Flavoured iced latte - Vanilla - 3.25, Regular Flavoured iced latte - Hazelnut - 2.75, Large Flavoured iced latte - Caramel - 3.25",11.4,CASH,
07/12/2022 14:42,Chesterfield,William Dombroski,"Large Flat white - 2.45, Regular Flavoured iced latte - Hazelnut - 2.75, Regular Flavoured iced latte - Vanilla - 2.75",7.95,CASH,
07/12/2022 14:43,Chesterfield,Edward Reeves,"Large Flavoured iced latte - Hazelnut - 3.25, Regular Flavoured latte - Hazelnut - 2.55",5.8,CARD,9842328527830130
07/12/2022 14:44,Chesterfield,Terrance Bryant,Large Flavoured iced latte - Vanilla - 3.25,3.25,CARD,8067686762454451
07/12/2022 14:46,Chesterfield,Nancy Blubaugh,"Regular Flat white - 2.15, Regular Flat white - 2.15",4.3,CASH,
07/12/2022 14:47,Chesterfield,Nicholas Marlowe,Regular Flavoured iced latte - Hazelnut - 2.75,2.75,CARD,4335696802398363
07/12/2022 14:48,Chesterfield,Kevin White,Regular Flavoured iced latte - Caramel - 2.75,2.75,CARD,7617427308653583
07/12/2022 14:49,Chesterfield,Inez Hill,Regular Flavoured iced latte - Hazelnut - 2.75,2.75,CARD,8943964579068033
07/12/2022 14:51,Chesterfield,Dorothy Kinney,"Large Latte - 2.45, Large Flavoured latte - Hazelnut - 2.85, Large Latte - 2.45, Regular Flavoured iced latte - Hazelnut - 2.75",10.5,CARD,3964785059647687
07/12/2022 14:52,Chesterfield,Gregg Rafter,"Large Flavoured latte - Hazelnut - 2.85, Large Flat white - 2.45, Large Flat white - 2.45, Large Flavoured iced latte - Caramel - 3.25",11.0,CARD,6515551277262654
07/12/2022 14:53,Chesterfield,Dana Smith,"Large Flat white - 2.45, Regular Flavoured iced latte - Caramel - 2.75, Regular Flavoured latte - Hazelnut - 2.55, Large Flavoured iced latte - Hazelnut - 3.25",11.0,CARD,3575819106965053
07/12/2022 14:55,Chesterfield,Thomas Grant,"Large Flavoured iced latte - Hazelnut - 3.25, Large Flat white - 2.45, Large Flat white - 2.45, Regular Flavoured latte - Hazelnut - 2.55",10.7,CARD,5247898204505397
07/12/2022 14:56,Chesterfield,Robert Malone,"Regular Flat white - 2.15, Regular Flavoured iced latte - Hazelnut - 2.75",4.9,CARD,2544681871344718
07/12/2022 14:57,Chesterfield,Kim Cappello,Large Latte - 2.45,2.45,CARD,2897683787645071
07/12/2022 14:58,Chesterfield,David Bucher,"Large Latte - 2.45, Large Latte - 2.45",4.9,CARD,9633780310023630
07/12/2022 15:00,Chesterfield,Derrick Guerrero,Regular Flavoured latte - Hazelnut - 2.55,2.55,CARD,7911441096345634
07/12/2022 15:01,Chesterfield,Elizabeth Terry,"Large Flat white - 2.45, Large Flavoured iced latte - Hazelnut - 3.25, Regular Flavoured iced latte - Caramel - 2.75, Large Flavoured latte - Hazelnut - 2.85",11.3,CARD,3886750657335208
07/12/2022 15:02,Chesterfield,Robert Jones,"Regular Flavoured iced latte - Vanilla - 2.75, Regular Latte - 2.15, Large Flavoured iced latte - Caramel - 3.25, Large Flavoured latte - Hazelnut - 2.85, Large Flavoured iced latte - Vanilla - 3.25",14.25,CARD,1063612272558558
07/12/2022 15:03,Chesterfield,Michael Moore,"Large Flat white - 2.45, Regular Flavoured iced latte - Hazelnut - 2.75",5.2,CARD,7190517025281244
07/12/2022 15:05,Chesterfield,Joan Madonia,Regular Flavoured iced latte - Vanilla - 2.75,2.75,CARD,2866683739888253
07/12/2022 15:06,Chesterfield,Michael Helton,"Large Flavoured iced latte - Vanilla - 3.25, Regular Flavoured latte - Hazelnut - 2.55",5.8,CARD,7468777273486070
07/12/2022 15:07,Chesterfield,Douglas Cook,Regular Flavoured iced latte - Hazelnut - 2.75,2.75,CASH,
07/12/2022 15:08,Chesterfield,Alex Tanner,"Large Flavoured iced latte - Hazelnut - 3.25, Large Flavoured iced latte - Vanilla - 3.25, Regular Flavoured iced latte - Caramel - 2.75, Regular Flat white - 2.15, Large Latte - 2.45, Large Flavoured iced latte - Caramel - 3.25",17.1,CARD,2245906419303392
07/12/2022 15:10,Chesterfield,Renee Silsby,Large Flat white - 2.45,2.45,CARD,1388770730807514
07/12/2022 15:11,Chesterfield,Roger Mcgraw,Regular Flavoured latte - Hazelnut - 2.55,2.55,CARD,1348735730428764
07/12/2022 15:12,Chesterfield,Don Ourada,"Regular Flat white - 2.15, Large Flavoured iced latte - Vanilla - 3.25, Regular Latte - 2.15",7.55,CARD,9419319165049327
07/12/2022 15:13,Chesterfield,Ronnie Kirschner,"Large Flavoured iced latte - Hazelnut - 3.25, Large Flavoured iced latte - Vanilla - 3.25, Regular Flavoured iced latte - Hazelnut - 2.75, Large Flavoured latte - Hazelnut - 2.85, Regular Flavoured iced latte - Vanilla - 2.75",14.85,CARD,8732563796791427
07/12/2022 15:15,Chesterfield,Anthony Bowen,Large Flavoured iced latte - Hazelnut - 3.25,3.25,CARD,3482938901808467
07/12/2022 15:16,Chesterfield,Ruth Belt,Regular Flavoured latte - Hazelnut - 2.55,2.55,CARD,5871826383471334
07/12/2022 15:17,Chesterfield,Mark Pacheco,"Regular Latte - 2.15, Regular Flavoured iced latte - Hazelnut - 2.75",4.9,CARD,2048291453306352
07/12/2022 15:18,Chesterfield,George Brouillet,"Large Flat white - 2.45, Large Flavoured iced latte - Hazelnut - 3.25",5.7,CARD,5982855024230560
07/12/2022 15:20,Chesterfield,Charles Kazanjian,"Regular Latte - 2.15, Regular Flavoured latte - Hazelnut - 2.55, Large Flavoured iced latte - Caramel - 3.25, Large Flat white - 2.45",10.4,CARD,5821743865267960
07/12/2022 15:21,Chesterfield,Travis Vogel,"Large Flavoured latte - Hazelnut - 2.85, Large Flavoured latte - Hazelnut - 2.85, Regular Flavoured iced latte - Hazelnut - 2.75, Large Flat white - 2.45, Large Latte - 2.45, Large Flavoured iced latte - Caramel - 3.25",16.6,CARD,6409012468660406
07/12/2022 15:22,Chesterfield,Francis Holm,"Regular Flavoured iced latte - Hazelnut - 2.75, Regular Flavoured latte - Hazelnut - 2.55",5.3,CASH,
07/12/2022 15:23,Chesterfield,David Jones,"Regular Flavoured iced latte - Hazelnut - 2.75, Large Flavoured iced latte - Hazelnut - 3.25, Large Flat white - 2.45, Large Latte - 2.45",10.9,CARD,6460242692631042
07/12/2022 15:25,Chesterfield,Michelle Martinez,"Regular Flavoured iced latte - Caramel - 2.75, Large Flavoured iced latte - Vanilla - 3.25, Large Flat white - 2.45, Regular Flavoured iced latte - Caramel - 2.75",11.2,CARD,3964489537812286
07/12/2022 15:26,Chesterfield,Jerry Cusumano,"Large Flavoured iced latte - Hazelnut - 3.25, Regular Latte - 2.15, Large Flavoured iced latte - Caramel - 3.25, Regular Flavoured latte - Hazelnut - 2.55",11.2,CARD,7384882620245998
07/12/2022 15:27,Chesterfield,Ashley Freiseis,Regular Flavoured iced latte - Hazelnut - 2.75,2.75,CASH,
07/12/2022 15:28,Chesterfield,Lee Beckett,Large Flavoured latte - Hazelnut - 2.85,2.85,CARD,4252295828744946
07/12/2022 15:30,Chesterfield,Dominick Sofranko,Regular Flavoured iced latte - Hazelnut - 2.75,2.75,CARD,4218938830267232
07/12/2022 15:31,Chesterfield,John Moore,Regular Flavoured iced latte - Caramel - 2.75,2.75,CASH,
07/12/2022 15:32,Chesterfield,Tish Poormon,"Regular Flavoured iced latte - Hazelnut - 2.75, Large Latte - 2.45",5.2,CASH,
07/12/2022 15:33,Chesterfield,Donald Vanwart,"Large Flavoured iced latte - Hazelnut - 3.25, Large Flavoured latte - Hazelnut - 2.85, Large Flavoured iced latte - Caramel - 3.25, Large Flavoured iced latte - Caramel - 3.25",12.6,CASH,
07/12/2022 15:35,Chesterfield,Bill Brown,Large Latte - 2.45,2.45,CARD,1076897897432198
07/12/2022 15:36,Chesterfield,Georgia Mack,Large Flavoured latte - Hazelnut - 2.85,2.85,CASH,
07/12/2022 15:37,Chesterfield,Jose Miller,"Regular Flat white - 2.15, Large Flavoured latte - Hazelnut - 2.85, Large Latte - 2.45, Large Flat white - 2.45",9.9,CASH,
07/12/2022 15:38,Chesterfield,James Willis,Regular Flavoured latte - Hazelnut - 2.55,2.55,CARD,1033466943583958
07/12/2022 15:40,Chesterfield,Carlos Kezar,"Regular Latte - 2.15, Large Flavoured iced latte - Vanilla - 3.25, Large Flat white - 2.45",7.85,CASH,
07/12/2022 15:41,Chesterfield,Sabrina Krzeczkowski,"Large Flat white - 2.45, Large Latte - 2.45",4.9,CARD,4574324119147988
07/12/2022 15:42,Chesterfield,Michael Ferretti,Large Flavoured latte - Hazelnut - 2.85,2.85,CASH,
07/12/2022 15:43,Chesterfield,Brandon Dziedzic,"Large Flavoured iced latte - Hazelnut - 3.25, Regular Flavoured iced latte - Caramel - 2.75, Large Flavoured iced latte - Vanilla - 3.25, Regular Flavoured iced latte - Hazelnut - 2.75, Regular Flavoured iced latte - Caramel - 2.75, Large Latte - 2.45",17.2,CARD,9879819655404900
07/12/2022 15:45,Chesterfield,Gilbert Mathers,Large Flavoured latte - Hazelnut - 2.85,2.85,CARD,5020122193749085
07/12/2022 15:46,Chesterfield,Rosemary Gonzalez,"Regular Flavoured iced latte - Vanilla - 2.75, Large Flavoured latte - Hazelnut - 2.85, Large Latte - 2.45, Large Latte - 2.45",10.5,CASH,
07/12/2022 15:47,Chesterfield,Jill King,Regular Flavoured iced latte - Hazelnut - 2.75,2.75,CARD,9297230574891000
07/12/2022 15:48,Chesterfield,Dianne Lamar,"Regular Flat white - 2.15, Regular Latte - 2.15, Large Flavoured iced latte - Caramel - 3.25",7.55,CASH,
07/12/2022 15:50,Chesterfield,Lois Davis,"Regular Flat white - 2.15, Regular Flavoured iced latte - Hazelnut - 2.75, Large Latte - 2.45, Regular Flavoured iced latte - Vanilla - 2.75, Regular Flat white - 2.15, Large Flavoured latte - Hazelnut - 2.85",15.1,CASH,
07/12/2022 15:51,Chesterfield,Amy Lindenbaum,Large Flavoured iced latte - Vanilla - 3.25,3.25,CARD,3389867880543732
07/12/2022 15:52,Chesterfield,Brock White,"Regular Flat white - 2.15, Regular Flavoured iced latte - Caramel - 2.75, Large Flavoured iced latte - Caramel - 3.25, Large Flavoured iced latte - Hazelnut - 3.25, Large Flat white - 2.45, Regular Flavoured latte - Hazelnut - 2.55",16.4,CARD,6068556954856111
07/12/2022 15:53,Chesterfield,Harold Hallett,"Large Latte - 2.45, Regular Flavoured iced latte - Hazelnut - 2.75, Regular Flavoured iced latte - Caramel - 2.75, Large Flavoured iced latte - Hazelnut - 3.25",11.2,CARD,8270142882964447
07/12/2022 15:55,Chesterfield,Ann Letarte,"Regular Latte - 2.15, Large Flavoured iced latte - Caramel - 3.25",5.4,CASH,
07/12/2022 15:56,Chesterfield,Hubert Stuart,"Large Flavoured latte - Hazelnut - 2.85, Large Flavoured iced latte - Caramel - 3.25, Large Flat white - 2.45",8.55,CARD,3242792532782133
07/12/2022 15:57,Chesterfield,Lester Cooper,"Large Flavoured iced latte - Caramel - 3.25, Large Latte - 2.45, Regular Flavoured iced latte - Hazelnut - 2.75, Large Flavoured latte - Hazelnut - 2.85, Regular Flavoured latte - Hazelnut - 2.55",13.85,CARD,3151407290270399
07/12/2022 15:58,Chesterfield,Mary Williams,"Large Latte - 2.45, Regular Latte - 2.15",4.6,CARD,5891703337200995
07/12/2022 16:00,Chesterfield,Mark Uppencamp,"Large Latte - 2.45, Large Flavoured iced latte - Hazelnut - 3.25",5.7,CASH,
07/12/2022 16:03,Chesterfield,Loren Luna,"Large Flavoured iced latte - Caramel - 3.25, Large Flavoured latte - Hazelnut - 2.85",6.1,CARD,6921392441961883
07/12/2022 16:07,Chesterfield,Esther Williams,"Regular Flavoured iced latte - Caramel - 2.75, Regular Latte - 2.15",4.9,CARD,8749155266361984
07/12/2022 16:10,Chesterfield,Dorothy Kirklin,Large Flat white - 2.45,2.45,CARD,6645750156053344
07/12/2022 16:14,Chesterfield,Joyce Schrock,Large Latte - 2.45,2.45,CARD,3526989737847879
07/12/2022 16:17,Chesterfield,Soraya Franco,Large Flavoured iced latte - Hazelnut - 3.25,3.25,CASH,
07/12/2022 16:21,Chesterfield,David Masino,"Regular Flat white - 2.15, Regular Flavoured iced latte - Hazelnut - 2.75, Regular Flavoured iced latte - Hazelnut - 2.75, Regular Latte - 2.15, Regular Flat white - 2.15, Regular Flavoured iced latte - Hazelnut - 2.75",14.7,CARD,9620657061962221
07/12/2022 16:24,Chesterfield,Mark Ford,"Large Latte - 2.45, Regular Flavoured iced latte - Caramel - 2.75, Large Flavoured iced latte - Vanilla - 3.25, Regular Flavoured iced latte - Hazelnut - 2.75, Regular Flavoured iced latte - Caramel - 2.75, Regular Flavoured iced latte - Hazelnut - 2.75",16.7,CASH,
07/12/2022 16:28,Chesterfield,Brian Raines,"Regular Flavoured latte - Hazelnut - 2.55, Large Flavoured iced latte - Caramel - 3.25, Regular Flavoured iced latte - Hazelnut - 2.75",8.55,CARD,3323255313245885
07/12/2022 16:31,Chesterfield,Cindy Lennard,"Regular Flavoured latte - Hazelnut - 2.55, Regular Flavoured iced latte - Caramel - 2.75, Large Flavoured latte - Hazelnut - 2.85",8.15,CARD,5635510384044783
07/12/2022 16:35,Chesterfield,Hayley Evans,"Large Flat white - 2.45, Regular Flavoured latte - Hazelnut - 2.55",5.0,CASH,
07/12/2022 16:38,Chesterfield,Irene Kruger,"Large Latte - 2.45, Regular Flavoured iced latte - Hazelnut - 2.75, Large Latte - 2.45",7.65,CASH,
07/12/2022 16:42,Chesterfield,Kendall Fournier,Large Flavoured latte - Hazelnut - 2.85,2.85,CASH,
07/12/2022 16:45,Chesterfield,Matthew Guastella,"Large Flavoured iced latte - Hazelnut - 3.25, Large Flavoured iced latte - Hazelnut - 3.25, Regular Flavoured iced latte - Vanilla - 2.75, Large Flavoured iced latte - Caramel - 3.25",12.5,CARD,9099669114933418
07/12/2022 16:49,Chesterfield,Jacob Brazill,"Regular Latte - 2.15, Large Latte - 2.45, Large Flavoured latte - Hazelnut - 2.85, Regular Flavoured iced latte - Hazelnut - 2.75, Regular Flavoured latte - Hazelnut - 2.55, Regular Flavoured latte - Hazelnut - 2.55",15.3,CASH,
07/12/2022 16:52,Chesterfield,Irma Bonifer,"Regular Flavoured iced latte - Hazelnut - 2.75, Regular Flat white - 2.15, Large Flat white - 2.45, Large Latte - 2.45",9.8,CASH,
07/12/2022 16:56,Chesterfield,Lola Salmon,"Large Flavoured iced latte - Vanilla - 3.25, Large Flavoured iced latte - Vanilla - 3.25",6.5,CARD,7153614693751847
07/12/2022 16:59,Chesterfield,Anna Churchill,"Regular Flavoured iced latte - Hazelnut - 2.75, Large Flat white - 2.45, Large Flavoured latte - Hazelnut - 2.85",8.05,CASH,
