07/12/2022 09:00,Longridge,Albert Lara,"Large Flavoured iced latte - Caramel - 3.25, Large Mocha - 2.70, Large Frappes - Strawberries & Cream - 3.25, Large Frappes - Strawberries & Cream - 3.25",12.45,CASH,
07/12/2022 09:01,Longridge,Michelle Hirst,Large Flavoured iced latte - Caramel - 3.25,3.25,CARD,1786008462773679
07/12/2022 09:02,Longridge,Mary Calderon,"Large Frappes - Strawberries & Cream - 3.25, Regular Flavoured iced latte - Caramel - 2.75",6.0,CARD,2764006674797082
07/12/2022 09:03,Longridge,Myrtle Andrzejewski,"Regular Glass of milk - 0.70, Large Smoothies - Glowing Greens - 2.50",3.2,CASH,
07/12/2022 09:04,Longridge,Robert Headley,"Large Frappes - Strawberries & Cream - 3.25, Regular Flavoured iced latte - Caramel - 2.75, Large Flavoured iced latte - Caramel - 3.25",9.25,CASH,
07/12/2022 09:05,Longridge,Christina Mcmackin,"Regular Frappes - Strawberries & Cream - 2.75, Large Smoothies - Glowing Greens - 2.50, Large Flavoured iced latte - Caramel - 3.25, Regular Mocha - 2.30",10.8,CARD,6466190908350193
07/12/2022 09:06,Longridge,Candace Miller,Regular Smoothies - Glowing Greens - 2.00,2.0,CARD,9339197027188652
07/12/2022 09:07,Longridge,Maggie Coles,Large Glass of milk - 1.10,1.1,CASH,
07/12/2022 09:08,Longridge,Mildred Minnick,Large Flavoured iced latte - Caramel - 3.25,3.25,CASH,
07/12/2022 09:09,Longridge,Theodore Tornquist,"Large Smoothies - Glowing Greens - 2.50, Large Smoothies - Glowing Greens - 2.50, Large Speciality Tea - Earl Grey - 1.60",6.6,CARD,9527078511623552
07/12/2022 09:10,Longridge,Shirley Norris,"Regular Glass of milk - 0.70, Regular Glass of milk - 0.70, Regular Glass of milk - 0.70, Large Flavoured iced latte - Caramel - 3.25",5.35,CARD,6245701169701897
07/12/2022 09:11,Longridge,Jimmy Page,"Large Flavoured iced latte - Caramel - 3.25, Regular Smoothies - Glowing Greens - 2.00, Regular Flavoured iced latte - Caramel - 2.75",8.0,CARD,5597119205757449
07/12/2022 09:13,Longridge,Howard Valone,Large Frappes - Strawberries & Cream - 3.25,3.25,CARD,6464613379731314
07/12/2022 09:14,Longridge,Diane Mccarroll,"Regular Mocha - 2.30, Regular Mocha - 2.30, Large Frappes - Strawberries & Cream - 3.25, Large Frappes - Strawberries & Cream - 3.25, Regular Mocha - 2.30",13.4,CARD,1438977197201057
07/12/2022 09:15,Longridge,Alberto Morales,"Large Mocha - 2.70, Large Glass of milk - 1.10, Regular Speciality Tea - Earl Grey - 1.30, Large Glass of milk - 1.10, Large Smoothies - Glowing Greens - 2.50, Regular Glass of milk - 0.70",9.4,CARD,4599869898372441
07/12/2022 09:16,Longridge,Teresa Guyton,"Large Speciality Tea - Earl Grey - 1.60, Regular Glass of milk - 0.70, Regular Frappes - Strawberries & Cream - 2.75, Regular Mocha - 2.30",7.35,CASH,
07/12/2022 09:17,Longridge,Thomas Vance,"Large Frappes - Strawberries & Cream - 3.25, Large Smoothies - Glowing Greens - 2.50",5.75,CASH,
07/12/2022 09:18,Longridge,Valerie Housley,Regular Flavoured iced latte - Caramel - 2.75,2.75,CARD,4723382513811095
07/12/2022 09:19,Longridge,Henry Hamlin,"Regular Mocha - 2.30, Regular Frappes - Strawberries & Cream - 2.75, Large Flavoured iced latte - Caramel - 3.25, Large Smoothies - Glowing Greens - 2.50",10.8,CASH,
07/12/2022 09:20,Longridge,Angela Douglas,Regular Frappes - Strawberries & Cream - 2.75,2.75,CARD,5928458975745204
07/12/2022 09:21,Longridge,Scott Carrillo,Large Frappes - Strawberries & Cream - 3.25,3.25,CARD,5478642432544283
07/12/2022 09:22,Longridge,Willie Ramos,"Large Frappes - Strawberries & Cream - 3.25, Large Smoothies - Glowing Greens - 2.50, Regular Frappes - Strawberries & Cream - 2.75, Regular Frappes - Strawberries & Cream - 2.75, Regular Mocha - 2.30",13.55,CARD,3147374511206120
07/12/2022 09:23,Longridge,Nathaniel Mccray,"Large Glass of milk - 1.10, Regular Speciality Tea - Earl Grey - 1.30",2.4,CARD,3452749882290079
07/12/2022 09:24,Longridge,Joseph Shoaf,Regular Smoothies - Glowing Greens - 2.00,2.0,CARD,4290658676394753
07/12/2022 09:26,Longridge,Florine Tommolino,"Large Glass of milk - 1.10, Large Frappes - Strawberries & Cream - 3.25, Regular Mocha - 2.30, Regular Speciality Tea - Earl Grey - 1.30, Large Flavoured iced latte - Caramel - 3.25",11.2,CARD,6073985154124837
07/12/2022 09:27,Longridge,Mildred Dudley,"Large Frappes - Strawberries & Cream - 3.25, Regular Speciality Tea - Earl Grey - 1.30",4.55,CARD,7162392563244167
07/12/2022 09:28,Longridge,Fred Enoch,"Regular Frappes - Strawberries & Cream - 2.75, Regular Mocha - 2.30",5.05,CARD,4045354066542034
07/12/2022 09:29,Longridge,Nona Vargas,Large Flavoured iced latte - Caramel - 3.25,3.25,CARD,6119678597244683
07/12/2022 09:30,Longridge,Faye Atwood,Large Mocha - 2.70,2.7,CARD,4129624977699387
07/12/2022 09:31,Longridge,Daisey Vaughn,"Large Frappes - Strawberries & Cream - 3.25, Regular Speciality Tea - Earl Grey - 1.30",4.55,CARD,9421320826412794
07/12/2022 09:32,Longridge,Ray Parham,"Regular Smoothies - Glowing Greens - 2.00, Large Frappes - Strawberries & Cream - 3.25, Regular Frappes - Strawberries & Cream - 2.75, Large Glass of milk - 1.10",9.1,CASH,
07/12/2022 09:33,Longridge,John Losinski,Large Speciality Tea - Earl Grey - 1.60,1.6,CARD,7632650309949633
07/12/2022 09:34,Longridge,Catherine Lane,"Large Flavoured iced latte - Caramel - 3.25, Regular Frappes - Strawberries & Cream - 2.75, Large Flavoured iced latte - Caramel - 3.25",9.25,CASH,
07/12/2022 09:35,Longridge,Martha Drutman,Regular Speciality Tea - Earl Grey - 1.30,1.3,CASH,
07/12/2022 09:36,Longridge,Natasha Eyler,"Large Smoothies - Glowing Greens - 2.50, Large Frappes - Strawberries & Cream - 3.25, Large Speciality Tea - Earl Grey - 1.60, Regular Speciality Tea - Earl Grey - 1.30",8.65,CARD,2744501009847938
07/12/2022 09:37,Longridge,Jean Sobers,"Large Glass of milk - 1.10, Large Flavoured iced latte - Caramel - 3.25, Large Mocha - 2.70",7.05,CASH,
07/12/2022 09:39,Longridge,Elsie Brown,Regular Frappes - Strawberries & Cream - 2.75,2.75,CASH,
07/12/2022 09:40,Longridge,Barbara Carney,"Regular Flavoured iced latte - Caramel - 2.75, Regular Smoothies - Glowing Greens - 2.00",4.75,CASH,
07/12/2022 09:41,Longridge,Edmund Delamora,Large Flavoured iced latte - Caramel - 3.25,3.25,CARD,7700015181268966
07/12/2022 09:42,Longridge,Olivia Kellem,"Large Glass of milk - 1.10, Regular Frappes - Strawberries & Cream - 2.75, Large Speciality Tea - Earl Grey - 1.60",5.45,CASH,
07/12/2022 09:43,Longridge,Kevin Reynolds,"Large Smoothies - Glowing Greens - 2.50, Large Mocha - 2.70",5.2,CASH,
07/12/2022 09:44,Longridge,Maria Hudson,"Large Flavoured iced latte - Caramel - 3.25, Regular Mocha - 2.30",5.55,CARD,9352982039299424
07/12/2022 09:45,Longridge,Samantha Golden,"Large Speciality Tea - Earl Grey - 1.60, Large Flavoured iced latte - Caramel - 3.25, Regular Flavoured iced latte - Caramel - 2.75, Regular Flavoured iced latte - Caramel - 2.75",10.35,CASH,
07/12/2022 09:46,Longridge,Fatimah Lewis,"Large Smoothies - Glowing Greens - 2.50, Regular Frappes - Strawberries & Cream - 2.75, Regular Frappes - Strawberries & Cream - 2.75, Regular Frappes - Strawberries & Cream - 2.75",10.75,CARD,7920267731229736
07/12/2022 09:47,Longridge,Earl Mcgirt,"Regular Smoothies - Glowing Greens - 2.00, Large Speciality Tea - Earl Grey - 1.60, Regular Flavoured iced latte - Caramel - 2.75, Regular Flavoured iced latte - Caramel - 2.75",9.1,CARD,2995405213511815
07/12/2022 09:48,Longridge,Brian Beck,Large Smoothies - Glowing Greens - 2.50,2.5,CASH,
07/12/2022 09:49,Longridge,Anthony Bolen,"Regular Glass of milk - 0.70, Regular Frappes - Strawberries & Cream - 2.75, Regular Glass of milk - 0.70, Regular Frappes - Strawberries & Cream - 2.75",6.9,CARD,8355592116094709
07/12/2022 09:50,Longridge,Cheryl Vega,Regular Speciality Tea - Earl Grey - 1.30,1.3,CASH,
07/12/2022 09:52,Longridge,Angel Mcdonald,"Regular Glass of milk - 0.70, Regular Frappes - Strawberries & Cream - 2.75",3.45,CARD,3947967602845357
07/12/2022 09:53,Longridge,Moriah Mcdaniel,Regular Speciality Tea - Earl Grey - 1.30,1.3,CARD,5530423292871116
07/12/2022 09:54,Longridge,Monica Douglas,"Large Flavoured iced latte - Caramel - 3.25, Regular Frappes - Strawberries & Cream - 2.75, Regular Mocha - 2.30",8.3,CARD,6747287459636967
07/12/2022 09:55,Longridge,Shirley Lynch,"Large Flavoured iced latte - Caramel - 3.25, Large Glass of milk - 1.10, Regular Smoothies - Glowing Greens - 2.00, Large Flavoured iced latte - Caramel - 3.25, Large Flavoured iced latte - Caramel - 3.25",12.85,CASH,
07/12/2022 09:56,Longridge,Soo Holder,Large Glass of milk - 1.10,1.1,CASH,
07/12/2022 09:57,Longridge,April Rich,"Large Mocha - 2.70, Large Frappes - Strawberries & Cream - 3.25",5.95,CASH,
07/12/2022 09:58,Longridge,Guadalupe Smith,"Regular Frappes - Strawberries & Cream - 2.75, Regular Frappes - Strawberries & Cream - 2.75",5.5,CARD,2787761859311846
07/12/2022 09:59,Longridge,Roland Morales,"Regular Frappes - Strawberries & Cream - 2.75, Large Speciality Tea - Earl Grey - 1.60, Large Mocha - 2.70, Regular Smoothies - Glowing Greens - 2.00",9.05,CARD,5321267022240082
07/12/2022 10:00,Longridge,Helen Dobbs,Regular Flavoured iced latte - Caramel - 2.75,2.75,CASH,
07/12/2022 10:03,Longridge,Grady Garner,"Large Speciality Tea - Earl Grey - 1.60, Regular Mocha - 2.30, Regular Mocha - 2.30",6.2,CARD,2646464497480486
07/12/2022 10:06,Longridge,Victor Brendel,"Large Frappes - Strawberries & Cream - 3.25, Regular Flavoured iced latte - Caramel - 2.75, Regular Glass of milk - 0.70, Large Frappes - Strawberries & Cream - 3.25",9.95,CARD,7044149667878945
07/12/2022 10:10,Longridge,Erica Ham,Regular Flavoured iced latte - Caramel - 2.75,2.75,CARD,9993686655978089
07/12/2022 10:13,Longridge,Ronald Calvo,"Regular Glass of milk - 0.70, Large Flavoured iced latte - Caramel - 3.25",3.95,CASH,
07/12/2022 10:16,Longridge,Robert Parks,"Large Smoothies - Glowing Greens - 2.50, Regular Frappes - Strawberries & Cream - 2.75, Regular Speciality Tea - Earl Grey - 1.30, Regular Mocha - 2.30",8.85,CASH,
07/12/2022 10:19,Longridge,Elizabeth Manuel,Regular Frappes - Strawberries & Cream - 2.75,2.75,CARD,7607928542738060
07/12/2022 10:22,Longridge,Shawna Brantley,"Regular Flavoured iced latte - Caramel - 2.75, Large Speciality Tea - Earl Grey - 1.60, Large Frappes - Strawberries & Cream - 3.25",7.6,CARD,4394214990366423
07/12/2022 10:25,Longridge,Clifford Holien,"Large Glass of milk - 1.10, Regular Speciality Tea - Earl Grey - 1.30, Large Frappes - Strawberries & Cream - 3.25, Regular Speciality Tea - Earl Grey - 1.30",6.95,CARD,2404988577155310
07/12/2022 10:29,Longridge,Mary Barragan,"Large Glass of milk - 1.10, Regular Speciality Tea - Earl Grey - 1.30, Regular Frappes - Strawberries & Cream - 2.75",5.15,CASH,
07/12/2022 10:32,Longridge,Deborah Mercer,"Regular Mocha - 2.30, Regular Frappes - Strawberries & Cream - 2.75",5.05,CASH,
07/12/2022 10:35,Longridge,Kenneth Culler,"Large Frappes - Strawberries & Cream - 3.25, Large Glass of milk - 1.10, Regular Smoothies - Glowing Greens - 2.00",6.35,CARD,9184743145882492
07/12/2022 10:38,Longridge,Howard Caldwell,Regular Mocha - 2.30,2.3,CARD,4586688715104428
07/12/2022 10:41,Longridge,Jennie Seabrook,Regular Smoothies - Glowing Greens - 2.00,2.0,CASH,
07/12/2022 10:44,Longridge,Martin Dilbeck,"Regular Frappes - Strawberries & Cream - 2.75, Regular Smoothies - Glowing Greens - 2.00",4.75,CARD,5311028667830789
07/12/2022 10:47,Longridge,Ronald Speck,"Regular Speciality Tea - Earl Grey - 1.30, Large Mocha - 2.70, Large Speciality Tea - Earl Grey - 1.60, Large Frappes - Strawberries & Cream - 3.25",8.85,CASH,
07/12/2022 10:51,Longridge,Elsie Franklin,"Regular Speciality Tea - Earl Grey - 1.30, Large Frappes - Strawberries & Cream - 3.25, Large Glass of milk - 1.10, Regular Flavoured iced latte - Caramel - 2.75",8.4,CARD,4797578872758363
07/12/2022 10:54,Longridge,Hong Jackson,"Regular Smoothies - Glowing Greens - 2.00, Large Smoothies - Glowing Greens - 2.50",4.5,CARD,1091455350506520
07/12/2022 10:57,Longridge,Ray Williams,Large Speciality Tea - Earl Grey - 1.60,1.6,CARD,7279658886475985
07/12/2022 11:00,Longridge,Buddy Graves,Large Mocha - 2.70,2.7,CASH,
07/12/2022 11:08,Longridge,Thelma Nguyen,Large Smoothies - Glowing Greens - 2.50,2.5,CARD,8061218426768787
07/12/2022 11:15,Longridge,Margaret Mccormick,"Large Flavoured iced latte - Caramel - 3.25, Large Frappes - Strawberries & Cream - 3.25",6.5,CARD,4985393414560211
07/12/2022 11:23,Longridge,Robert Freeman,"Regular Speciality Tea - Earl Grey - 1.30, Large Speciality Tea - Earl Grey - 1.60, Regular Speciality Tea - Earl Grey - 1.30",4.2,CARD,7171736420246121
07/12/2022 11:30,Longridge,Millicent Sword,"Large Smoothies - Glowing Greens - 2.50, Large Flavoured iced latte - Caramel - 3.25, Large Smoothies - Glowing Greens - 2.50",8.25,CARD,1380780420106307
07/12/2022 11:38,Longridge,Paul Lincoln,"Regular Frappes - Strawberries & Cream - 2.75, Regular Smoothies - Glowing Greens - 2.00, Large Speciality Tea - Earl Grey - 1.60, Large Glass of milk - 1.10, Regular Frappes - Strawberries & Cream - 2.75",10.2,CARD,2288521148833534
07/12/2022 11:45,Longridge,Jamie Mijangos,"Large Smoothies - Glowing Greens - 2.50, Regular Glass of milk - 0.70, Large Flavoured iced latte - Caramel - 3.25, Regular Glass of milk - 0.70",7.15,CASH,
07/12/2022 11:53,Longridge,Phillis Merrigan,"Regular Smoothies - Glowing Greens - 2.00, Regular Smoothies - Glowing Greens - 2.00, Regular Speciality Tea - Earl Grey - 1.30",5.3,CARD,4013341256023105
07/12/2022 12:00,Longridge,David Lewis,"Regular Glass of milk - 0.70, Large Mocha - 2.70, Regular Mocha - 2.30, Large Flavoured iced latte - Caramel - 3.25",8.95,CARD,1480984845648191
07/12/2022 12:06,Longridge,Albert Kaufman,"Regular Speciality Tea - Earl Grey - 1.30, Large Mocha - 2.70",4.0,CARD,1606593206901916
07/12/2022 12:12,Longridge,Michael Lindall,"Regular Flavoured iced latte - Caramel - 2.75, Large Speciality Tea - Earl Grey - 1.60, Large Smoothies - Glowing Greens - 2.50, Large Speciality Tea - Earl Grey - 1.60, Large Frappes - Strawberries & Cream - 3.25",11.7,CARD,2621309649005441
07/12/2022 12:18,Longridge,Joann Tanner,"Regular Glass of milk - 0.70, Regular Speciality Tea - Earl Grey - 1.30, Regular Mocha - 2.30",4.3,CARD,9562970963930286
07/12/2022 12:24,Longridge,Madlyn Burket,"Regular Mocha - 2.30, Regular Frappes - Strawberries & Cream - 2.75",5.05,CARD,1586351709080013
07/12/2022 12:30,Longridge,Lanette Smith,"Large Glass of milk - 1.10, Large Speciality Tea - Earl Grey - 1.60, Large Frappes - Strawberries & Cream - 3.25, Regular Frappes - Strawberries & Cream - 2.75",8.7,CARD,8129462293793230
07/12/2022 12:36,Longridge,Jill Ontiveros,"Regular Mocha - 2.30, Large Frappes - Strawberries & Cream - 3.25, Large Smoothies - Glowing Greens - 2.50, Large Frappes - Strawberries & Cream - 3.25",11.3,CARD,2268416010114306
07/12/2022 12:42,Longridge,Kevin Smith,Large Speciality Tea - Earl Grey - 1.60,1.6,CARD,6885739941389347
07/12/2022 12:48,Longridge,John Trivino,Large Smoothies - Glowing Greens - 2.50,2.5,CARD,4566961776273758
07/12/2022 12:54,Longridge,Sharon Martinez,"Regular Flavoured iced latte - Caramel - 2.75, Large Flavoured iced latte - Caramel - 3.25",6.0,CARD,8190277893785685
07/12/2022 13:00,Longridge,Roy Franklin,"Regular Flavoured iced latte - Caramel - 2.75, Regular Frappes - Strawberries & Cream - 2.75, Regular Speciality Tea - Earl Grey - 1.30",6.8,CARD,9806420849606353
07/12/2022 13:01,Longridge,Marcus Fielder,Regular Glass of milk - 0.70,0.7,CASH,
07/12/2022 13:02,Longridge,Michelle Glass,"Large Smoothies - Glowing Greens - 2.50, Large Speciality Tea - Earl Grey - 1.60",4.1,CARD,4094201083380213
07/12/2022 13:03,Longridge,Joseph Payne,"Regular Flavoured iced latte - Caramel - 2.75, Large Smoothies - Glowing Greens - 2.50",5.25,CARD,9246159520202422
07/12/2022 13:04,Longridge,Sheila Perkins,"Large Speciality Tea - Earl Grey - 1.60, Large Frappes - Strawberries & Cream - 3.25",4.85,CARD,6492135636321307
07/12/2022 13:05,Longridge,James Lawrence,"Large Flavoured iced latte - Caramel - 3.25, Large Mocha - 2.70, Large Frappes - Strawberries & Cream - 3.25, Regular Smoothies - Glowing Greens - 2.00, Regular Frappes - Strawberries & Cream - 2.75",13.95,CASH,
07/12/2022 13:06,Longridge,Jeffery Cannon,"Large Mocha - 2.70, Regular Flavoured iced latte - Caramel - 2.75",5.45,CASH,
07/12/2022 13:07,Longridge,Ralph Teague,Regular Glass of milk - 0.70,0.7,CARD,6950955185079926
07/12/2022 13:08,Longridge,Jeremiah Brown,"Regular Frappes - Strawberries & Cream - 2.75, Regular Smoothies - Glowing Greens - 2.00",4.75,CARD,8937022263278069
07/12/2022 13:09,Longridge,Christine Watt,"Large Mocha - 2.70, Regular Speciality Tea - Earl Grey - 1.30, Regular Flavoured iced latte - Caramel - 2.75, Regular Glass of milk - 0.70",7.45,CASH,
07/12/2022 13:10,Longridge,Silva Maloch,"Large Flavoured iced latte - Caramel - 3.25, Regular Speciality Tea - Earl Grey - 1.30, Regular Smoothies - Glowing Greens - 2.00",6.55,CARD,2530980590346217
07/12/2022 13:10,Longridge,Allison Coates,Large Frappes - Strawberries & Cream - 3.25,3.25,CARD,7746138224130269
07/12/2022 13:11,Longridge,Mary Childress,Regular Glass of milk - 0.70,0.7,CARD,3823065237879318
07/12/2022 13:12,Longridge,Earnestine Byrd,"Large Speciality Tea - Earl Grey - 1.60, Regular Speciality Tea - Earl Grey - 1.30",2.9,CARD,9177036010342723
07/12/2022 13:13,Longridge,Lorraine Ettinger,"Large Flavoured iced latte - Caramel - 3.25, Large Flavoured iced latte - Caramel - 3.25, Large Flavoured iced latte - Caramel - 3.25, Large Frappes - Strawberries & Cream - 3.25",13.0,CASH,
07/12/2022 13:14,Longridge,Patricia Clark,"Large Glass of milk - 1.10, Regular Smoothies - Glowing Greens - 2.00",3.1,CARD,6873484569192979
07/12/2022 13:15,Longridge,Herbert Curtis,"Large Frappes - Strawberries & Cream - 3.25, Large Glass of milk - 1.10, Large Smoothies - Glowing Greens - 2.50",6.85,CASH,
07/12/2022 13:16,Longridge,Elma Hairston,"Regular Mocha - 2.30, Large Glass of milk - 1.10",3.4,CASH,
07/12/2022 13:17,Longridge,Cheryl Duskey,"Regular Flavoured iced latte - Caramel - 2.75, Large Smoothies - Glowing Greens - 2.50, Regular Frappes - Strawberries & Cream - 2.75, Large Smoothies - Glowing Greens - 2.50",10.5,CARD,5791364394409643
07/12/2022 13:18,Longridge,Cynthia Jacobs,Large Frappes - Strawberries & Cream - 3.25,3.25,CARD,1131374926416206
07/12/2022 13:19,Longridge,Dave Ferguson,"Large Frappes - Strawberries & Cream - 3.25, Large Glass of milk - 1.10",4.35,CARD,9707038584193714
07/12/2022 13:20,Longridge,Jeffrey Mccollum,"Large Flavoured iced latte - Caramel - 3.25, Large Frappes - Strawberries & Cream - 3.25",6.5,CASH,
07/12/2022 13:21,Longridge,Joyce Langston,"Regular Glass of milk - 0.70, Large Mocha - 2.70",3.4,CASH,
07/12/2022 13:22,Longridge,Alma Owens,Regular Glass of milk - 0.70,0.7,CASH,
07/12/2022 13:23,Longridge,Sherry Roswick,"Regular Smoothies - Glowing Greens - 2.00, Regular Frappes - Strawberries & Cream - 2.75, Large Glass of milk - 1.10, Large Frappes - Strawberries & Cream - 3.25, Large Speciality Tea - Earl Grey - 1.60, Large Flavoured iced latte - Caramel - 3.25",13.95,CARD,7101694072847278
07/12/2022 13:24,Longridge,Carmen Applebee,Regular Frappes - Strawberries & Cream - 2.75,2.75,CARD,5685840102254786
07/12/2022 13:25,Longridge,Evan Lamm,Large Flavoured iced latte - Caramel - 3.25,3.25,CARD,8515744715291843
07/12/2022 13:26,Longridge,Christy Anderson,"Regular Speciality Tea - Earl Grey - 1.30, Regular Flavoured iced latte - Caramel - 2.75, Regular Speciality Tea - Earl Grey - 1.30, Large Speciality Tea - Earl Grey - 1.60, Large Speciality Tea - Earl Grey - 1.60, Regular Mocha - 2.30",10.85,CARD,3339524777602219
07/12/2022 13:27,Longridge,Brian Mundy,"Large Flavoured iced latte - Caramel - 3.25, Regular Smoothies - Glowing Greens - 2.00, Regular Flavoured iced latte - Caramel - 2.75, Large Glass of milk - 1.10",9.1,CASH,
07/12/2022 13:28,Longridge,George Conlin,Regular Mocha - 2.30,2.3,CARD,5457819472772183
07/12/2022 13:29,Longridge,Gregory Phillips,Large Speciality Tea - Earl Grey - 1.60,1.6,CARD,9794192223090387
07/12/2022 13:29,Longridge,Karen Taylor,"Regular Mocha - 2.30, Large Glass of milk - 1.10, Regular Speciality Tea - Earl Grey - 1.30, Regular Glass of milk - 0.70, Regular Frappes - Strawberries & Cream - 2.75",8.15,CARD,9409155414161908
07/12/2022 13:30,Longridge,Monserrate Sanchez,"Large Frappes - Strawberries & Cream - 3.25, Large Glass of milk - 1.10, Regular Mocha - 2.30, Large Smoothies - Glowing Greens - 2.50, Large Frappes - Strawberries & Cream - 3.25",12.4,CARD,4532669805178456
07/12/2022 13:31,Longridge,Roselle Kesner,"Regular Mocha - 2.30, Large Frappes - Strawberries & Cream - 3.25, Large Flavoured iced latte - Caramel - 3.25, Regular Glass of milk - 0.70",9.5,CARD,9309980302428112
07/12/2022 13:32,Longridge,Israel Abbott,"Regular Speciality Tea - Earl Grey - 1.30, Large Glass of milk - 1.10, Large Speciality Tea - Earl Grey - 1.60, Regular Glass of milk - 0.70, Large Flavoured iced latte - Caramel - 3.25",7.95,CASH,
07/12/2022 13:33,Longridge,William Stokes,"Large Frappes - Strawberries & Cream - 3.25, Large Flavoured iced latte - Caramel - 3.25, Large Speciality Tea - Earl Grey - 1.60, Large Flavoured iced latte - Caramel - 3.25",11.35,CARD,3166545273620514
07/12/2022 13:34,Longridge,Fern Dozier,"Large Mocha - 2.70, Large Flavoured iced latte - Caramel - 3.25, Regular Smoothies - Glowing Greens - 2.00, Large Frappes - Strawberries & Cream - 3.25",11.2,CARD,7287402345495139
07/12/2022 13:35,Longridge,Nanette Jenkins,"Large Flavoured iced latte - Caramel - 3.25, Large Smoothies - Glowing Greens - 2.50, Large Frappes - Strawberries & Cream - 3.25",9.0,CASH,
07/12/2022 13:36,Longridge,Janet Deutsch,"Large Frappes - Strawberries & Cream - 3.25, Regular Flavoured iced latte - Caramel - 2.75, Regular Flavoured iced latte - Caramel - 2.75, Regular Speciality Tea - Earl Grey - 1.30",10.05,CASH,
07/12/2022 13:37,Longridge,Harold Hirth,"Regular Speciality Tea - Earl Grey - 1.30, Large Speciality Tea - Earl Grey - 1.60",2.9,CASH,
07/12/2022 13:38,Longridge,Ralph Durant,"Regular Frappes - Strawberries & Cream - 2.75, Regular Flavoured iced latte - Caramel - 2.75, Regular Speciality Tea - Earl Grey - 1.30",6.8,CASH,
07/12/2022 13:39,Longridge,Jimmy Chambers,"Regular Mocha - 2.30, Large Frappes - Strawberries & Cream - 3.25, Large Flavoured iced latte - Caramel - 3.25, Regular Smoothies - Glowing Greens - 2.00, Large Speciality Tea - Earl Grey - 1.60",12.4,CASH,
07/12/2022 13:40,Longridge,John Brown,Regular Speciality Tea - Earl Grey - 1.30,1.3,CARD,2835381677088955
07/12/2022 13:41,Longridge,Cathleen Davis,"Regular Flavoured iced latte - Caramel - 2.75, Regular Flavoured iced latte - Caramel - 2.75, Large Speciality Tea - Earl Grey - 1.60",7.1,CARD,6108487741500148
07/12/2022 13:42,Longridge,Brenda Anderson,Regular Frappes - Strawberries & Cream - 2.75,2.75,CARD,6701330806941567
07/12/2022 13:43,Longridge,Justin Holley,"Large Speciality Tea - Earl Grey - 1.60, Large Frappes - Strawberries & Cream - 3.25",4.85,CARD,5867773060832223
07/12/2022 13:44,Longridge,Titus Phelps,Large Frappes - Strawberries & Cream - 3.25,3.25,CASH,
07/12/2022 13:45,Longridge,Carroll Nichols,"Large Flavoured iced latte - Caramel - 3.25, Large Smoothies - Glowing Greens - 2.50, Large Frappes - Strawberries & Cream - 3.25",9.0,CARD,5554653775434196
07/12/2022 13:46,Longridge,Lauretta Manzo,Regular Speciality Tea - Earl Grey - 1.30,1.3,CARD,2212626904624019
07/12/2022 13:47,Longridge,Sam Jalbert,"Large Speciality Tea - Earl Grey - 1.60, Large Frappes - Strawberries & Cream - 3.25, Large Glass of milk - 1.10",5.95,CARD,9441175916103635
07/12/2022 13:48,Longridge,Tina Howell,"Large Smoothies - Glowing Greens - 2.50, Regular Smoothies - Glowing Greens - 2.00, Regular Frappes - Strawberries & Cream - 2.75",7.25,CARD,1180414241989692
07/12/2022 13:48,Longridge,Tracey Hawkins,"Regular Mocha - 2.30, Regular Mocha - 2.30, Large Smoothies - Glowing Greens - 2.50, Regular Flavoured iced latte - Caramel - 2.75",9.85,CASH,
07/12/2022 13:49,Longridge,Darwin Gates,"Regular Flavoured iced latte - Caramel - 2.75, Large Mocha - 2.70",5.45,CARD,4349281954999750
07/12/2022 13:50,Longridge,Judy King,"Regular Mocha - 2.30, Large Mocha - 2.70, Regular Frappes - Strawberries & Cream - 2.75, Regular Mocha - 2.30",10.05,CARD,6067956467548022
07/12/2022 13:51,Longridge,Robert Mcgriff,"Large Smoothies - Glowing Greens - 2.50, Large Mocha - 2.70, Regular Glass of milk - 0.70, Regular Speciality Tea - Earl Grey - 1.30",7.2,CARD,7049671064661796
07/12/2022 13:52,Longridge,Victoria Hatchett,"Large Frappes - Strawberries & Cream - 3.25, Regular Smoothies - Glowing Greens - 2.00",5.25,CARD,7494224191423812
07/12/2022 13:53,Longridge,Jose Warner,"Regular Frappes - Strawberries & Cream - 2.75, Large Glass of milk - 1.10, Large Mocha - 2.70, Regular Mocha - 2.30, Regular Smoothies - Glowing Greens - 2.00, Regular Flavoured iced latte - Caramel - 2.75",13.6,CASH,
07/12/2022 13:54,Longridge,Elizabeth Thornton,"Regular Mocha - 2.30, Large Flavoured iced latte - Caramel - 3.25, Regular Mocha - 2.30, Large Frappes - Strawberries & Cream - 3.25",11.1,CARD,1699845003487496
07/12/2022 13:55,Longridge,Brenda Hayes,"Large Smoothies - Glowing Greens - 2.50, Regular Flavoured iced latte - Caramel - 2.75, Regular Flavoured iced latte - Caramel - 2.75, Large Flavoured iced latte - Caramel - 3.25",11.25,CARD,3916699715902548
07/12/2022 13:56,Longridge,Beverly Guzman,"Large Mocha - 2.70, Regular Flavoured iced latte - Caramel - 2.75, Large Speciality Tea - Earl Grey - 1.60",7.05,CARD,2317708952809057
07/12/2022 13:57,Longridge,Tracey Flowers,"Large Mocha - 2.70, Large Glass of milk - 1.10, Large Glass of milk - 1.10, Large Speciality Tea - Earl Grey - 1.60, Large Mocha - 2.70",9.2,CARD,6020493459409815
07/12/2022 13:58,Longridge,Terry Taylor,"Regular Smoothies - Glowing Greens - 2.00, Large Flavoured iced latte - Caramel - 3.25, Regular Flavoured iced latte - Caramel - 2.75, Large Glass of milk - 1.10, Regular Glass of milk - 0.70",9.8,CARD,8107096193131685
07/12/2022 13:59,Longridge,Reed Blevins,"Large Glass of milk - 1.10, Large Smoothies - Glowing Greens - 2.50, Regular Smoothies - Glowing Greens - 2.00, Regular Glass of milk - 0.70, Large Flavoured iced latte - Caramel - 3.25, Regular Mocha - 2.30",11.85,CARD,4214514158585335
07/12/2022 14:00,Longridge,Johnny Robinson,"Regular Flavoured iced latte - Caramel - 2.75, Large Mocha - 2.70, Large Mocha - 2.70, Large Flavoured iced latte - Caramel - 3.25, Large Frappes - Strawberries & Cream - 3.25",14.65,CARD,8363991408465562
07/12/2022 14:03,Longridge,Barbara Nettles,"Large Frappes - Strawberries & Cream - 3.25, Regular Smoothies - Glowing Greens - 2.00, Large Speciality Tea - Earl Grey - 1.60",6.85,CARD,8924121802320578
07/12/2022 14:06,Longridge,Amanda Brown,"Regular Glass of milk - 0.70, Large Speciality Tea - Earl Grey - 1.60, Large Glass of milk - 1.10",3.4,CARD,2848966621477432
07/12/2022 14:09,Longridge,Marian Terry,"Regular Flavoured iced latte - Caramel - 2.75, Large Speciality Tea - Earl Grey - 1.60, Large Smoothies - Glowing Greens - 2.50",6.85,CARD,8579342971321594
07/12/2022 14:12,Longridge,Jenny Flatt,"Regular Speciality Tea - Earl Grey - 1.30, Large Flavoured iced latte - Caramel - 3.25",4.55,CARD,8398748149445821
07/12/2022 14:16,Longridge,Gladys Martin,"Regular Flavoured iced latte - Caramel - 2.75, Regular Flavoured iced latte - Caramel - 2.75, Regular Glass of milk - 0.70",6.2,CARD,5969910652641710
07/12/2022 14:19,Longridge,Alexandra Warner,"Large Smoothies - Glowing Greens - 2.50, Regular Glass of milk - 0.70, Large Smoothies - Glowing Greens - 2.50, Large Mocha - 2.70",8.4,CARD,8642511156269185
07/12/2022 14:22,Longridge,Mary Shaw,"Large Mocha - 2.70, Regular Frappes - Strawberries & Cream - 2.75, Large Smoothies - Glowing Greens - 2.50",7.95,CASH,
07/12/2022 14:25,Longridge,Amanda Welch,Large Flavoured iced latte - Caramel - 3.25,3.25,CARD,2387211752006573
07/12/2022 14:28,Longridge,Michael Hearnsberger,"Regular Smoothies - Glowing Greens - 2.00, Regular Glass of milk - 0.70, Large Smoothies - Glowing Greens - 2.50, Large Speciality Tea - Earl Grey - 1.60",6.8,CARD,4166761071450683
07/12/2022 14:31,Longridge,Linda Jolly,"Regular Glass of milk - 0.70, Large Flavoured iced latte - Caramel - 3.25, Regular Speciality Tea - Earl Grey - 1.30",5.25,CARD,5820849417146449
07/12/2022 14:35,Longridge,Debra Peters,"Large Flavoured iced latte - Caramel - 3.25, Large Mocha - 2.70, Regular Smoothies - Glowing Greens - 2.00, Regular Mocha - 2.30",10.25,CASH,
07/12/2022 14:38,Longridge,Lisa Lopez,"Large Flavoured iced latte - Caramel - 3.25, Regular Smoothies - Glowing Greens - 2.00, Regular Smoothies - Glowing Greens - 2.00, Regular Mocha - 2.30",9.55,CARD,9912005790089372
07/12/2022 14:41,Longridge,Ruben Krick,"Regular Flavoured iced latte - Caramel - 2.75, Regular Glass of milk - 0.70, Regular Mocha - 2.30",5.75,CASH,
07/12/2022 14:44,Longridge,Edward Florence,"Large Smoothies - Glowing Greens - 2.50, Large Mocha - 2.70, Regular Mocha - 2.30, Large Frappes - Strawberries & Cream - 3.25",10.75,CASH,
07/12/2022 14:47,Longridge,Mildred Harrison,Regular Glass of milk - 0.70,0.7,CASH,
07/12/2022 14:50,Longridge,Sharron Berry,"Large Speciality Tea - Earl Grey - 1.60, Regular Speciality Tea - Earl Grey - 1.30",2.9,CARD,2947085340170110
07/12/2022 14:53,Longridge,Alvin Woods,"Large Speciality Tea - Earl Grey - 1.60, Regular Smoothies - Glowing Greens - 2.00, Large Frappes - Strawberries & Cream - 3.25, Large Speciality Tea - Earl Grey - 1.60, Large Flavoured iced latte - Caramel - 3.25",11.7,CASH,
07/12/2022 14:57,Longridge,Lucinda Marashi,"Regular Flavoured iced latte - Caramel - 2.75, Large Frappes - Strawberries & Cream - 3.25, Regular Flavoured iced latte - Caramel - 2.75",8.75,CASH,
07/12/2022 15:00,Longridge,Joan Dwight,"Large Smoothies - Glowing Greens - 2.50, Regular Glass of milk - 0.70, Regular Frappes - Strawberries & Cream - 2.75, Large Speciality Tea - Earl Grey - 1.60, Regular Smoothies - Glowing Greens - 2.00",9.55,CARD,8926160902410287
07/12/2022 15:01,Longridge,Brittney Rolon,"Regular Frappes - Strawberries & Cream - 2.75, Regular Flavoured iced latte - Caramel - 2.75, Large Smoothies - Glowing Greens - 2.50",8.0,CARD,8715178637155335
07/12/2022 15:02,Longridge,Beverly Krammes,Regular Smoothies - Glowing Greens - 2.00,2.0,CARD,4189831290381664
07/12/2022 15:03,Longridge,Lenore Burruss,"Large Mocha - 2.70, Regular Frappes - Strawberries & Cream - 2.75, Large Flavoured iced latte - Caramel - 3.25",8.7,CASH,
07/12/2022 15:04,Longridge,Lee Jenkins,"Large Glass of milk - 1.10, Large Frappes - Strawberries & Cream - 3.25, Regular Mocha - 2.30, Large Speciality Tea - Earl Grey - 1.60",8.25,CARD,9361691063825347
07/12/2022 15:05,Longridge,Eli Brummer,"Regular Speciality Tea - Earl Grey - 1.30, Regular Speciality Tea - Earl Grey - 1.30, Large Speciality Tea - Earl Grey - 1.60",4.2,CARD,3854252323488282
07/12/2022 15:06,Longridge,Francesco Evans,Large Glass of milk - 1.10,1.1,CARD,3346070996808344
07/12/2022 15:07,Longridge,Donald Whaley,"Large Smoothies - Glowing Greens - 2.50, Regular Flavoured iced latte - Caramel - 2.75",5.25,CARD,7208274634902561
07/12/2022 15:08,Longridge,Cynthia Robertson,"Large Flavoured iced latte - Caramel - 3.25, Large Frappes - Strawberries & Cream - 3.25, Regular Flavoured iced latte - Caramel - 2.75, Large Glass of milk - 1.10",10.35,CASH,
07/12/2022 15:09,Longridge,Gladys Perez,Regular Speciality Tea - Earl Grey - 1.30,1.3,CARD,9759282844302079
07/12/2022 15:10,Longridge,Patricia Kramer,"Large Frappes - Strawberries & Cream - 3.25, Large Mocha - 2.70",5.95,CASH,
07/12/2022 15:11,Longridge,Eva Tanner,"Large Glass of milk - 1.10, Regular Smoothies - Glowing Greens - 2.00, Regular Smoothies - Glowing Greens - 2.00",5.1,CASH,
07/12/2022 15:12,Longridge,Jeffrey Pepper,Large Smoothies - Glowing Greens - 2.50,2.5,CASH,
07/12/2022 15:13,Longridge,Evelyn Kifer,Regular Smoothies - Glowing Greens - 2.00,2.0,CASH,
07/12/2022 15:14,Longridge,Blanch Schaper,Regular Flavoured iced latte - Caramel - 2.75,2.75,CARD,5306476887886862
07/12/2022 15:15,Longridge,Clay Chantler,Large Flavoured iced latte - Caramel - 3.25,3.25,CASH,
07/12/2022 15:16,Longridge,Iris Barrios,"Regular Speciality Tea - Earl Grey - 1.30, Large Speciality Tea - Earl Grey - 1.60, Large Speciality Tea - Earl Grey - 1.60, Large Smoothies - Glowing Greens - 2.50, Large Flavoured iced latte - Caramel - 3.25",10.25,CARD,5236302387501489
07/12/2022 15:17,Longridge,Ronald Johnstone,Regular Speciality Tea - Earl Grey - 1.30,1.3,CASH,
07/12/2022 15:18,Longridge,Lois Maberry,"Regular Speciality Tea - Earl Grey - 1.30, Regular Speciality Tea - Earl Grey - 1.30, Regular Flavoured iced latte - Caramel - 2.75, Regular Speciality Tea - Earl Grey - 1.30, Regular Mocha - 2.30, Large Flavoured iced latte - Caramel - 3.25",12.2,CARD,3743832193447501
07/12/2022 15:19,Longridge,Jane Montijo,Large Glass of milk - 1.10,1.1,CASH,
07/12/2022 15:20,Longridge,David Stgermain,"Large Glass of milk - 1.10, Regular Smoothies - Glowing Greens - 2.00, Regular Mocha - 2.30",5.4,CARD,7583885394577712
07/12/2022 15:21,Longridge,Pauline Montes,Large Mocha - 2.70,2.7,CARD,1747376275485661
07/12/2022 15:22,Longridge,Robert Gonzalez,"Regular Smoothies - Glowing Greens - 2.00, Large Glass of milk - 1.10",3.1,CARD,6616698300562329
07/12/2022 15:23,Longridge,Vincent Miller,"Regular Flavoured iced latte - Caramel - 2.75, Regular Flavoured iced latte - Caramel - 2.75, Regular Flavoured iced latte - Caramel - 2.75, Large Mocha - 2.70",10.95,CARD,2793811693428870
07/12/2022 15:25,Longridge,Edward Freeman,"Large Frappes - Strawberries & Cream - 3.25, Large Smoothies - Glowing Greens - 2.50",5.75,CARD,4664820625865952
07/12/2022 15:26,Longridge,Tony Fetterhoff,"Regular Frappes - Strawberries & Cream - 2.75, Regular Mocha - 2.30, Regular Mocha - 2.30, Regular Frappes - Strawberries & Cream - 2.75",10.1,CARD,3111531843813566
07/12/2022 15:27,Longridge,John Proffitt,Large Smoothies - Glowing Greens - 2.50,2.5,CARD,9537973527089578
07/12/2022 15:28,Longridge,Flora Baldwin,"Regular Glass of milk - 0.70, Regular Mocha - 2.30",3.0,CASH,
07/12/2022 15:29,Longridge,Carolina Finch,"Large Speciality Tea - Earl Grey - 1.60, Large Smoothies - Glowing Greens - 2.50, Regular Smoothies - Glowing Greens - 2.00",6.1,CASH,
07/12/2022 15:30,Longridge,Ruth Bouton,"Large Flavoured iced latte - Caramel - 3.25, Large Frappes - Strawberries & Cream - 3.25, Large Speciality Tea - Earl Grey - 1.60, Large Mocha - 2.70, Large Frappes - Strawberries & Cream - 3.25, Regular Mocha - 2.30",16.35,CASH,
07/12/2022 15:31,Longridge,Henry Canfield,"Regular Speciality Tea - Earl Grey - 1.30, Regular Frappes - Strawberries & Cream - 2.75",4.05,CARD,4833202991191766
07/12/2022 15:32,Longridge,Fredrick Duncan,"Regular Glass of milk - 0.70, Regular Smoothies - Glowing Greens - 2.00",2.7,CASH,
07/12/2022 15:33,Longridge,Pedro Flores,"Regular Flavoured iced latte - Caramel - 2.75, Large Flavoured iced latte - Caramel - 3.25",6.0,CARD,2795334241042779
07/12/2022 15:34,Longridge,Mable Harding,"Regular Flavoured iced latte - Caramel - 2.75, Large Glass of milk - 1.10, Regular Smoothies - Glowing Greens - 2.00, Large Mocha - 2.70",8.55,CARD,7955003838559325
07/12/2022 15:35,Longridge,Douglas Castaneda,Regular Speciality Tea - Earl Grey - 1.30,1.3,CASH,
07/12/2022 15:36,Longridge,Joshua Terry,Large Flavoured iced latte - Caramel - 3.25,3.25,CARD,2456802512053722
07/12/2022 15:37,Longridge,Tom Mcmilliam,"Large Flavoured iced latte - Caramel - 3.25, Regular Speciality Tea - Earl Grey - 1.30",4.55,CARD,8455012505589032
07/12/2022 15:38,Longridge,Mavis Litchford,"Large Flavoured iced latte - Caramel - 3.25, Large Flavoured iced latte - Caramel - 3.25, Large Speciality Tea - Earl Grey - 1.60, Large Frappes - Strawberries & Cream - 3.25",11.35,CARD,6624528457816154
07/12/2022 15:39,Longridge,Russell Morales,Large Glass of milk - 1.10,1.1,CARD,1778181757502239
07/12/2022 15:40,Longridge,Cynthia Glisson,"Large Glass of milk - 1.10, Regular Mocha - 2.30",3.4,CARD,3110825125801258
07/12/2022 15:41,Longridge,Mario Lyons,"Large Flavoured iced latte - Caramel - 3.25, Large Glass of milk - 1.10",4.35,CARD,1060209991225662
07/12/2022 15:42,Longridge,Christopher Wahlstrom,"Large Frappes - Strawberries & Cream - 3.25, Large Smoothies - Glowing Greens - 2.50, Large Flavoured iced latte - Caramel - 3.25",9.0,CASH,
07/12/2022 15:43,Longridge,Odell Toenges,Large Flavoured iced latte - Caramel - 3.25,3.25,CARD,3844983303228473
07/12/2022 15:44,Longridge,Jordan Millard,"Regular Speciality Tea - Earl Grey - 1.30, Regular Speciality Tea - Earl Grey - 1.30, Large Flavoured iced latte - Caramel - 3.25, Large Smoothies - Glowing Greens - 2.50, Large Frappes - Strawberries & Cream - 3.25",11.6,CASH,
07/12/2022 15:45,Longridge,James Maio,"Large Flavoured iced latte - Caramel - 3.25, Large Frappes - Strawberries & Cream - 3.25, Large Glass of milk - 1.10, Large Frappes - Strawberries & Cream - 3.25, Large Smoothies - Glowing Greens - 2.50",13.35,CARD,8022328099994383
07/12/2022 15:46,Longridge,Loretta Sink,"Large Smoothies - Glowing Greens - 2.50, Regular Smoothies - Glowing Greens - 2.00",4.5,CARD,2831101015188490
07/12/2022 15:47,Longridge,Myron Christenson,"Large Frappes - Strawberries & Cream - 3.25, Large Flavoured iced latte - Caramel - 3.25",6.5,CARD,9813275046182140
07/12/2022 15:48,Longridge,Ellie Johnson,"Regular Mocha - 2.30, Regular Speciality Tea - Earl Grey - 1.30, Regular Smoothies - Glowing Greens - 2.00, Large Speciality Tea - Earl Grey - 1.60",7.2,CARD,9608522823991864
07/12/2022 15:49,Longridge,Karen Curtis,"Regular Speciality Tea - Earl Grey - 1.30, Regular Smoothies - Glowing Greens - 2.00, Large Glass of milk - 1.10",4.4,CARD,6828729392161530
07/12/2022 15:50,Longridge,Darryl Taylor,"Regular Frappes - Strawberries & Cream - 2.75, Large Speciality Tea - Earl Grey - 1.60, Large Smoothies - Glowing Greens - 2.50",6.85,CARD,8489385998204076
07/12/2022 15:51,Longridge,John Hoage,Large Glass of milk - 1.10,1.1,CARD,5445559097933733
07/12/2022 15:52,Longridge,Kathryn Pineda,"Large Flavoured iced latte - Caramel - 3.25, Large Flavoured iced latte - Caramel - 3.25, Large Smoothies - Glowing Greens - 2.50, Regular Glass of milk - 0.70, Large Speciality Tea - Earl Grey - 1.60",11.3,CARD,8935208239185758
07/12/2022 15:53,Longridge,Mattie Padgett,Large Flavoured iced latte - Caramel - 3.25,3.25,CARD,1867156580165298
07/12/2022 15:54,Longridge,Rosamond Wallace,"Regular Mocha - 2.30, Large Flavoured iced latte - Caramel - 3.25",5.55,CARD,7336039025327109
07/12/2022 15:56,Longridge,Fatima Creekmur,"Large Glass of milk - 1.10, Regular Smoothies - Glowing Greens - 2.00, Large Frappes - Strawberries & Cream - 3.25",6.35,CASH,
07/12/2022 15:57,Longridge,Eugene Harris,Large Smoothies - Glowing Greens - 2.50,2.5,CASH,
07/12/2022 15:58,Longridge,Brian Clayton,"Large Mocha - 2.70, Regular Frappes - Strawberries & Cream - 2.75, Regular Smoothies - Glowing Greens - 2.00, Large Speciality Tea - Earl Grey - 1.60",9.05,CASH,
07/12/2022 15:59,Longridge,Carolyn Green,"Large Speciality Tea - Earl Grey - 1.60, Large Mocha - 2.70, Regular Mocha - 2.30",6.6,CARD,7136389018838514
07/12/2022 16:00,Longridge,John Mccune,"Large Frappes - Strawberries & Cream - 3.25, Regular Speciality Tea - Earl Grey - 1.30, Regular Speciality Tea - Earl Grey - 1.30",5.85,CASH,
07/12/2022 16:02,Longridge,Bradley Cox,Large Glass of milk - 1.10,1.1,CARD,4592839739495240
07/12/2022 16:04,Longridge,Audrey William,Large Mocha - 2.70,2.7,CASH,
07/12/2022 16:06,Longridge,Marilyn Chambers,"Large Smoothies - Glowing Greens - 2.50, Large Frappes - Strawberries & Cream - 3.25, Regular Glass of milk - 0.70, Large Glass of milk - 1.10",7.55,CASH,
07/12/2022 16:08,Longridge,Nancy Nicholson,"Large Smoothies - Glowing Greens - 2.50, Regular Flavoured iced latte - Caramel - 2.75, Large Speciality Tea - Earl Grey - 1.60",6.85,CARD,6139254760917178
07/12/2022 16:10,Longridge,Gregory Padilla,Large Flavoured iced latte - Caramel - 3.25,3.25,CARD,1301444110833740
07/12/2022 16:12,Longridge,Deborah Whitlock,Regular Speciality Tea - Earl Grey - 1.30,1.3,CARD,5551813177268254
07/12/2022 16:14,Longridge,Brenda Urquhart,Large Speciality Tea - Earl Grey - 1.60,1.6,CARD,9243897306290301
07/12/2022 16:16,Longridge,Mary Lyons,"Large Glass of milk - 1.10, Large Speciality Tea - Earl Grey - 1.60, Regular Frappes - Strawberries & Cream - 2.75, Regular Mocha - 2.30",7.75,CARD,8429215323195039
07/12/2022 16:18,Longridge,Marc Koenig,"Regular Speciality Tea - Earl Grey - 1.30, Regular Flavoured iced latte - Caramel - 2.75",4.05,CARD,7268267775965933
07/12/2022 16:20,Longridge,Willa Weeks,"Large Flavoured iced latte - Caramel - 3.25, Regular Flavoured iced latte - Caramel - 2.75",6.0,CARD,7857962453427231
07/12/2022 16:22,Longridge,John Scott,"Regular Flavoured iced latte - Caramel - 2.75, Regular Flavoured iced latte - Caramel - 2.75, Large Flavoured iced latte - Caramel - 3.25, Large Glass of milk - 1.10, Regular Glass of milk - 0.70",10.55,CASH,
07/12/2022 16:24,Longridge,Alexia Hirst,"Large Smoothies - Glowing Greens - 2.50, Regular Flavoured iced latte - Caramel - 2.75, Large Flavoured iced latte - Caramel - 3.25, Regular Flavoured iced latte - Caramel - 2.75, Large Smoothies - Glowing Greens - 2.50",13.75,CARD,9616400837257596
07/12/2022 16:26,Longridge,Judith Hodge,Large Speciality Tea - Earl Grey - 1.60,1.6,CARD,3667774714650679
07/12/2022 16:28,Longridge,Alicia Newell,"Large Speciality Tea - Earl Grey - 1.60, Large Smoothies - Glowing Greens - 2.50",4.1,CASH,
07/12/2022 16:30,Longridge,Charles Singer,"Large Smoothies - Glowing Greens - 2.50, Regular Flavoured iced latte - Caramel - 2.75, Large Speciality Tea - Earl Grey - 1.60",6.85,CASH,
07/12/2022 16:32,Longridge,Liana Gore,"Large Flavoured iced latte - Caramel - 3.25, Regular Speciality Tea - Earl Grey - 1.30, Regular Mocha - 2.30, Regular Mocha - 2.30, Large Frappes - Strawberries & Cream - 3.25, Large Smoothies - Glowing Greens - 2.50",14.9,CASH,
07/12/2022 16:34,Longridge,Ramon Morgan,Regular Flavoured iced latte - Caramel - 2.75,2.75,CASH,
07/12/2022 16:36,Longridge,Robert Schmidt,"Large Frappes - Strawberries & Cream - 3.25, Regular Speciality Tea - Earl Grey - 1.30, Large Speciality Tea - Earl Grey - 1.60, Large Glass of milk - 1.10, Large Flavoured iced latte - Caramel - 3.25, Large Glass of milk - 1.10",11.6,CARD,5687375147995343
07/12/2022 16:38,Longridge,Ellen Duncan,"Regular Speciality Tea - Earl Grey - 1.30, Large Flavoured iced latte - Caramel - 3.25, Large Frappes - Strawberries & Cream - 3.25, Large Glass of milk - 1.10, Regular Flavoured iced latte - Caramel - 2.75",11.65,CARD,1593042239716770
07/12/2022 16:40,Longridge,Renee Rodriguez,"Large Frappes - Strawberries & Cream - 3.25, Large Flavoured iced latte - Caramel - 3.25, Regular Speciality Tea - Earl Grey - 1.30",7.8,CARD,2526350788991426
07/12/2022 16:42,Longridge,James Bilski,"Regular Speciality Tea - Earl Grey - 1.30, Regular Smoothies - Glowing Greens - 2.00, Regular Flavoured iced latte - Caramel - 2.75, Regular Flavoured iced latte - Caramel - 2.75, Large Flavoured iced latte - Caramel - 3.25",12.05,CASH,
07/12/2022 16:44,Longridge,Karl Graham,Large Flavoured iced latte - Caramel - 3.25,3.25,CARD,4714327730930624
07/12/2022 16:46,Longridge,Victor Crittenden,"Large Glass of milk - 1.10, Large Speciality Tea - Earl Grey - 1.60",2.7,CARD,2710352130474268
07/12/2022 16:48,Longridge,James Sain,"Large Speciality Tea - Earl Grey - 1.60, Regular Mocha - 2.30, Large Smoothies - Glowing Greens - 2.50, Regular Glass of milk - 0.70, Large Mocha - 2.70",9.8,CARD,8050408221977628
07/12/2022 16:50,Longridge,Bryan Scinto,"Large Speciality Tea - Earl Grey - 1.60, Large Smoothies - Glowing Greens - 2.50",4.1,CARD,3434635083612350
07/12/2022 16:52,Longridge,Ronald Addie,"Regular Mocha - 2.30, Large Flavoured iced latte - Caramel - 3.25, Regular Flavoured iced latte - Caramel - 2.75, Large Frappes - Strawberries & Cream - 3.25, Regular Smoothies - Glowing Greens - 2.00",13.55,CASH,
07/12/2022 16:54,Longridge,Georgann Ethridge,Regular Speciality Tea - Earl Grey - 1.30,1.3,CARD,7806223616709291
07/12/2022 16:56,Longridge,Caroline Jackson,"Regular Smoothies - Glowing Greens - 2.00, Large Smoothies - Glowing Greens - 2.50",4.5,CASH,
07/12/2022 16:58,Longridge,Leigh Young,Regular Speciality Tea - Earl Grey - 1.30,1.3,CASH,
